,image,BREED ID,classname
0,Abyssinian_100.jpg,1,Abyssinian
1,Abyssinian_101.jpg,1,Abyssinian
2,Abyssinian_102.jpg,1,Abyssinian
3,Abyssinian_103.jpg,1,Abyssinian
4,Abyssinian_104.jpg,1,Abyssinian
5,Abyssinian_105.jpg,1,Abyssinian
6,Abyssinian_106.jpg,1,Abyssinian
7,Abyssinian_107.jpg,1,Abyssinian
8,Abyssinian_108.jpg,1,Abyssinian
9,Abyssinian_109.jpg,1,Abyssinian
10,Abyssinian_10.jpg,1,Abyssinian
11,Abyssinian_110.jpg,1,Abyssinian
12,Abyssinian_111.jpg,1,Abyssinian
13,Abyssinian_112.jpg,1,Abyssinian
14,Abyssinian_113.jpg,1,Abyssinian
15,Abyssinian_114.jpg,1,Abyssinian
16,Abyssinian_115.jpg,1,Abyssinian
17,Abyssinian_116.jpg,1,Abyssinian
18,Abyssinian_117.jpg,1,Abyssinian
19,Abyssinian_118.jpg,1,Abyssinian
20,Abyssinian_119.jpg,1,Abyssinian
21,Abyssinian_11.jpg,1,Abyssinian
22,Abyssinian_120.jpg,1,Abyssinian
23,Abyssinian_121.jpg,1,Abyssinian
24,Abyssinian_122.jpg,1,Abyssinian
25,Abyssinian_123.jpg,1,Abyssinian
26,Abyssinian_124.jpg,1,Abyssinian
27,Abyssinian_125.jpg,1,Abyssinian
28,Abyssinian_126.jpg,1,Abyssinian
29,Abyssinian_127.jpg,1,Abyssinian
30,Abyssinian_128.jpg,1,Abyssinian
31,Abyssinian_129.jpg,1,Abyssinian
32,Abyssinian_12.jpg,1,Abyssinian
33,Abyssinian_130.jpg,1,Abyssinian
34,Abyssinian_131.jpg,1,Abyssinian
35,Abyssinian_132.jpg,1,Abyssinian
36,Abyssinian_133.jpg,1,Abyssinian
37,Abyssinian_134.jpg,1,Abyssinian
38,Abyssinian_135.jpg,1,Abyssinian
39,Abyssinian_136.jpg,1,Abyssinian
40,Abyssinian_137.jpg,1,Abyssinian
41,Abyssinian_138.jpg,1,Abyssinian
42,Abyssinian_139.jpg,1,Abyssinian
43,Abyssinian_13.jpg,1,Abyssinian
44,Abyssinian_140.jpg,1,Abyssinian
45,Abyssinian_141.jpg,1,Abyssinian
46,Abyssinian_142.jpg,1,Abyssinian
47,Abyssinian_143.jpg,1,Abyssinian
48,Abyssinian_144.jpg,1,Abyssinian
49,Abyssinian_145.jpg,1,Abyssinian
250,Bengal_100.jpg,2,Bengal
251,Bengal_101.jpg,2,Bengal
252,Bengal_102.jpg,2,Bengal
253,Bengal_103.jpg,2,Bengal
254,Bengal_104.jpg,2,Bengal
255,Bengal_105.jpg,2,Bengal
256,Bengal_106.jpg,2,Bengal
257,Bengal_107.jpg,2,Bengal
258,Bengal_108.jpg,2,Bengal
259,Bengal_109.jpg,2,Bengal
260,Bengal_10.jpg,2,Bengal
261,Bengal_110.jpg,2,Bengal
262,Bengal_111.jpg,2,Bengal
263,Bengal_112.jpg,2,Bengal
264,Bengal_113.jpg,2,Bengal
265,Bengal_114.jpg,2,Bengal
266,Bengal_115.jpg,2,Bengal
267,Bengal_116.jpg,2,Bengal
268,Bengal_117.jpg,2,Bengal
269,Bengal_118.jpg,2,Bengal
270,Bengal_119.jpg,2,Bengal
271,Bengal_11.jpg,2,Bengal
272,Bengal_120.jpg,2,Bengal
273,Bengal_121.jpg,2,Bengal
274,Bengal_122.jpg,2,Bengal
275,Bengal_123.jpg,2,Bengal
276,Bengal_124.jpg,2,Bengal
277,Bengal_125.jpg,2,Bengal
278,Bengal_126.jpg,2,Bengal
279,Bengal_127.jpg,2,Bengal
280,Bengal_128.jpg,2,Bengal
281,Bengal_129.jpg,2,Bengal
282,Bengal_12.jpg,2,Bengal
283,Bengal_130.jpg,2,Bengal
284,Bengal_131.jpg,2,Bengal
285,Bengal_132.jpg,2,Bengal
286,Bengal_133.jpg,2,Bengal
287,Bengal_134.jpg,2,Bengal
288,Bengal_135.jpg,2,Bengal
289,Bengal_136.jpg,2,Bengal
290,Bengal_137.jpg,2,Bengal
291,Bengal_138.jpg,2,Bengal
292,Bengal_139.jpg,2,Bengal
293,Bengal_13.jpg,2,Bengal
294,Bengal_140.jpg,2,Bengal
295,Bengal_141.jpg,2,Bengal
296,Bengal_142.jpg,2,Bengal
297,Bengal_143.jpg,2,Bengal
298,Bengal_144.jpg,2,Bengal
299,Bengal_145.jpg,2,Bengal
300,Birman_100.jpg,3,Birman
301,Birman_101.jpg,3,Birman
302,Birman_102.jpg,3,Birman
303,Birman_103.jpg,3,Birman
304,Birman_104.jpg,3,Birman
305,Birman_105.jpg,3,Birman
306,Birman_106.jpg,3,Birman
307,Birman_107.jpg,3,Birman
308,Birman_108.jpg,3,Birman
309,Birman_109.jpg,3,Birman
310,Birman_10.jpg,3,Birman
311,Birman_110.jpg,3,Birman
312,Birman_111.jpg,3,Birman
313,Birman_112.jpg,3,Birman
314,Birman_113.jpg,3,Birman
315,Birman_114.jpg,3,Birman
316,Birman_115.jpg,3,Birman
317,Birman_116.jpg,3,Birman
318,Birman_117.jpg,3,Birman
319,Birman_118.jpg,3,Birman
320,Birman_119.jpg,3,Birman
321,Birman_11.jpg,3,Birman
322,Birman_120.jpg,3,Birman
323,Birman_121.jpg,3,Birman
324,Birman_122.jpg,3,Birman
325,Birman_123.jpg,3,Birman
326,Birman_124.jpg,3,Birman
327,Birman_125.jpg,3,Birman
328,Birman_126.jpg,3,Birman
329,Birman_127.jpg,3,Birman
330,Birman_128.jpg,3,Birman
331,Birman_129.jpg,3,Birman
332,Birman_12.jpg,3,Birman
333,Birman_130.jpg,3,Birman
334,Birman_131.jpg,3,Birman
335,Birman_132.jpg,3,Birman
336,Birman_133.jpg,3,Birman
337,Birman_134.jpg,3,Birman
338,Birman_135.jpg,3,Birman
339,Birman_136.jpg,3,Birman
340,Birman_137.jpg,3,Birman
341,Birman_138.jpg,3,Birman
342,Birman_139.jpg,3,Birman
343,Birman_13.jpg,3,Birman
344,Birman_140.jpg,3,Birman
345,Birman_141.jpg,3,Birman
346,Birman_142.jpg,3,Birman
347,Birman_143.jpg,3,Birman
348,Birman_144.jpg,3,Birman
349,Birman_145.jpg,3,Birman
350,Bombay_100.jpg,4,Bombay
351,Bombay_101.jpg,4,Bombay
352,Bombay_102.jpg,4,Bombay
353,Bombay_103.jpg,4,Bombay
354,Bombay_104.jpg,4,Bombay
355,Bombay_105.jpg,4,Bombay
356,Bombay_106.jpg,4,Bombay
357,Bombay_107.jpg,4,Bombay
358,Bombay_108.jpg,4,Bombay
359,Bombay_109.jpg,4,Bombay
360,Bombay_10.jpg,4,Bombay
361,Bombay_110.jpg,4,Bombay
362,Bombay_111.jpg,4,Bombay
363,Bombay_112.jpg,4,Bombay
364,Bombay_113.jpg,4,Bombay
365,Bombay_114.jpg,4,Bombay
366,Bombay_115.jpg,4,Bombay
367,Bombay_116.jpg,4,Bombay
368,Bombay_117.jpg,4,Bombay
369,Bombay_118.jpg,4,Bombay
370,Bombay_119.jpg,4,Bombay
371,Bombay_120.jpg,4,Bombay
372,Bombay_121.jpg,4,Bombay
373,Bombay_122.jpg,4,Bombay
374,Bombay_123.jpg,4,Bombay
375,Bombay_125.jpg,4,Bombay
376,Bombay_126.jpg,4,Bombay
377,Bombay_127.jpg,4,Bombay
378,Bombay_128.jpg,4,Bombay
379,Bombay_129.jpg,4,Bombay
380,Bombay_12.jpg,4,Bombay
381,Bombay_130.jpg,4,Bombay
382,Bombay_131.jpg,4,Bombay
383,Bombay_132.jpg,4,Bombay
384,Bombay_133.jpg,4,Bombay
385,Bombay_134.jpg,4,Bombay
386,Bombay_135.jpg,4,Bombay
387,Bombay_136.jpg,4,Bombay
388,Bombay_137.jpg,4,Bombay
389,Bombay_138.jpg,4,Bombay
390,Bombay_139.jpg,4,Bombay
391,Bombay_13.jpg,4,Bombay
392,Bombay_140.jpg,4,Bombay
393,Bombay_141.jpg,4,Bombay
394,Bombay_143.jpg,4,Bombay
395,Bombay_144.jpg,4,Bombay
396,Bombay_145.jpg,4,Bombay
397,Bombay_146.jpg,4,Bombay
398,Bombay_148.jpg,4,Bombay
449,British_Shorthair_100.jpg,5,British
450,British_Shorthair_101.jpg,5,British
451,British_Shorthair_102.jpg,5,British
452,British_Shorthair_103.jpg,5,British
453,British_Shorthair_104.jpg,5,British
454,British_Shorthair_105.jpg,5,British
455,British_Shorthair_106.jpg,5,British
456,British_Shorthair_107.jpg,5,British
457,British_Shorthair_108.jpg,5,British
458,British_Shorthair_109.jpg,5,British
459,British_Shorthair_10.jpg,5,British
460,British_Shorthair_110.jpg,5,British
461,British_Shorthair_111.jpg,5,British
462,British_Shorthair_112.jpg,5,British
463,British_Shorthair_113.jpg,5,British
464,British_Shorthair_114.jpg,5,British
465,British_Shorthair_115.jpg,5,British
466,British_Shorthair_116.jpg,5,British
467,British_Shorthair_117.jpg,5,British
468,British_Shorthair_118.jpg,5,British
469,British_Shorthair_119.jpg,5,British
470,British_Shorthair_120.jpg,5,British
471,British_Shorthair_121.jpg,5,British
472,British_Shorthair_122.jpg,5,British
473,British_Shorthair_123.jpg,5,British
474,British_Shorthair_124.jpg,5,British
475,British_Shorthair_125.jpg,5,British
476,British_Shorthair_126.jpg,5,British
477,British_Shorthair_127.jpg,5,British
478,British_Shorthair_128.jpg,5,British
479,British_Shorthair_129.jpg,5,British
480,British_Shorthair_130.jpg,5,British
481,British_Shorthair_133.jpg,5,British
482,British_Shorthair_134.jpg,5,British
483,British_Shorthair_135.jpg,5,British
484,British_Shorthair_136.jpg,5,British
485,British_Shorthair_137.jpg,5,British
486,British_Shorthair_139.jpg,5,British
487,British_Shorthair_140.jpg,5,British
488,British_Shorthair_141.jpg,5,British
489,British_Shorthair_144.jpg,5,British
490,British_Shorthair_145.jpg,5,British
491,British_Shorthair_148.jpg,5,British
492,British_Shorthair_149.jpg,5,British
493,British_Shorthair_151.jpg,5,British
494,British_Shorthair_153.jpg,5,British
495,British_Shorthair_154.jpg,5,British
496,British_Shorthair_155.jpg,5,British
497,British_Shorthair_156.jpg,5,British
498,British_Shorthair_157.jpg,5,British
549,Egyptian_Mau_100.jpg,6,Egyptian
550,Egyptian_Mau_101.jpg,6,Egyptian
551,Egyptian_Mau_102.jpg,6,Egyptian
552,Egyptian_Mau_103.jpg,6,Egyptian
553,Egyptian_Mau_104.jpg,6,Egyptian
554,Egyptian_Mau_105.jpg,6,Egyptian
555,Egyptian_Mau_106.jpg,6,Egyptian
556,Egyptian_Mau_107.jpg,6,Egyptian
557,Egyptian_Mau_108.jpg,6,Egyptian
558,Egyptian_Mau_109.jpg,6,Egyptian
559,Egyptian_Mau_10.jpg,6,Egyptian
560,Egyptian_Mau_110.jpg,6,Egyptian
561,Egyptian_Mau_111.jpg,6,Egyptian
562,Egyptian_Mau_112.jpg,6,Egyptian
563,Egyptian_Mau_113.jpg,6,Egyptian
564,Egyptian_Mau_114.jpg,6,Egyptian
565,Egyptian_Mau_115.jpg,6,Egyptian
566,Egyptian_Mau_116.jpg,6,Egyptian
567,Egyptian_Mau_117.jpg,6,Egyptian
568,Egyptian_Mau_118.jpg,6,Egyptian
569,Egyptian_Mau_119.jpg,6,Egyptian
570,Egyptian_Mau_11.jpg,6,Egyptian
571,Egyptian_Mau_120.jpg,6,Egyptian
572,Egyptian_Mau_121.jpg,6,Egyptian
573,Egyptian_Mau_122.jpg,6,Egyptian
574,Egyptian_Mau_123.jpg,6,Egyptian
575,Egyptian_Mau_124.jpg,6,Egyptian
576,Egyptian_Mau_125.jpg,6,Egyptian
577,Egyptian_Mau_126.jpg,6,Egyptian
578,Egyptian_Mau_127.jpg,6,Egyptian
579,Egyptian_Mau_128.jpg,6,Egyptian
580,Egyptian_Mau_12.jpg,6,Egyptian
581,Egyptian_Mau_130.jpg,6,Egyptian
582,Egyptian_Mau_131.jpg,6,Egyptian
583,Egyptian_Mau_132.jpg,6,Egyptian
584,Egyptian_Mau_133.jpg,6,Egyptian
585,Egyptian_Mau_134.jpg,6,Egyptian
586,Egyptian_Mau_136.jpg,6,Egyptian
587,Egyptian_Mau_138.jpg,6,Egyptian
588,Egyptian_Mau_13.jpg,6,Egyptian
589,Egyptian_Mau_140.jpg,6,Egyptian
590,Egyptian_Mau_141.jpg,6,Egyptian
591,Egyptian_Mau_142.jpg,6,Egyptian
592,Egyptian_Mau_143.jpg,6,Egyptian
593,Egyptian_Mau_144.jpg,6,Egyptian
594,Egyptian_Mau_146.jpg,6,Egyptian
595,Egyptian_Mau_147.jpg,6,Egyptian
996,Maine_Coon_100.jpg,7,Maine
997,Maine_Coon_101.jpg,7,Maine
998,Maine_Coon_102.jpg,7,Maine
999,Maine_Coon_103.jpg,7,Maine
1000,Maine_Coon_104.jpg,7,Maine
1001,Maine_Coon_105.jpg,7,Maine
1002,Maine_Coon_106.jpg,7,Maine
1003,Maine_Coon_107.jpg,7,Maine
1004,Maine_Coon_108.jpg,7,Maine
1005,Maine_Coon_109.jpg,7,Maine
1006,Maine_Coon_10.jpg,7,Maine
1007,Maine_Coon_110.jpg,7,Maine
1008,Maine_Coon_111.jpg,7,Maine
1009,Maine_Coon_112.jpg,7,Maine
1010,Maine_Coon_115.jpg,7,Maine
1011,Maine_Coon_116.jpg,7,Maine
1012,Maine_Coon_117.jpg,7,Maine
1013,Maine_Coon_119.jpg,7,Maine
1014,Maine_Coon_121.jpg,7,Maine
1015,Maine_Coon_123.jpg,7,Maine
1016,Maine_Coon_124.jpg,7,Maine
1017,Maine_Coon_126.jpg,7,Maine
1018,Maine_Coon_127.jpg,7,Maine
1019,Maine_Coon_128.jpg,7,Maine
1020,Maine_Coon_129.jpg,7,Maine
1021,Maine_Coon_131.jpg,7,Maine
1022,Maine_Coon_132.jpg,7,Maine
1023,Maine_Coon_133.jpg,7,Maine
1024,Maine_Coon_134.jpg,7,Maine
1025,Maine_Coon_135.jpg,7,Maine
1026,Maine_Coon_136.jpg,7,Maine
1027,Maine_Coon_137.jpg,7,Maine
1028,Maine_Coon_138.jpg,7,Maine
1029,Maine_Coon_139.jpg,7,Maine
1030,Maine_Coon_13.jpg,7,Maine
1031,Maine_Coon_140.jpg,7,Maine
1032,Maine_Coon_141.jpg,7,Maine
1033,Maine_Coon_142.jpg,7,Maine
1034,Maine_Coon_143.jpg,7,Maine
1035,Maine_Coon_144.jpg,7,Maine
1036,Maine_Coon_145.jpg,7,Maine
1037,Maine_Coon_146.jpg,7,Maine
1038,Maine_Coon_147.jpg,7,Maine
1039,Maine_Coon_148.jpg,7,Maine
1040,Maine_Coon_149.jpg,7,Maine
1041,Maine_Coon_14.jpg,7,Maine
1042,Maine_Coon_150.jpg,7,Maine
1043,Maine_Coon_151.jpg,7,Maine
1044,Maine_Coon_152.jpg,7,Maine
1045,Maine_Coon_153.jpg,7,Maine
1146,Persian_100.jpg,8,Persian
1147,Persian_101.jpg,8,Persian
1148,Persian_102.jpg,8,Persian
1149,Persian_103.jpg,8,Persian
1150,Persian_104.jpg,8,Persian
1151,Persian_105.jpg,8,Persian
1152,Persian_106.jpg,8,Persian
1153,Persian_107.jpg,8,Persian
1154,Persian_108.jpg,8,Persian
1155,Persian_10.jpg,8,Persian
1156,Persian_111.jpg,8,Persian
1157,Persian_112.jpg,8,Persian
1158,Persian_114.jpg,8,Persian
1159,Persian_115.jpg,8,Persian
1160,Persian_116.jpg,8,Persian
1161,Persian_117.jpg,8,Persian
1162,Persian_118.jpg,8,Persian
1163,Persian_11.jpg,8,Persian
1164,Persian_120.jpg,8,Persian
1165,Persian_121.jpg,8,Persian
1166,Persian_122.jpg,8,Persian
1167,Persian_123.jpg,8,Persian
1168,Persian_125.jpg,8,Persian
1169,Persian_126.jpg,8,Persian
1170,Persian_128.jpg,8,Persian
1171,Persian_129.jpg,8,Persian
1172,Persian_12.jpg,8,Persian
1173,Persian_131.jpg,8,Persian
1174,Persian_132.jpg,8,Persian
1175,Persian_133.jpg,8,Persian
1176,Persian_134.jpg,8,Persian
1177,Persian_135.jpg,8,Persian
1178,Persian_136.jpg,8,Persian
1179,Persian_137.jpg,8,Persian
1180,Persian_138.jpg,8,Persian
1181,Persian_139.jpg,8,Persian
1182,Persian_13.jpg,8,Persian
1183,Persian_140.jpg,8,Persian
1184,Persian_141.jpg,8,Persian
1185,Persian_143.jpg,8,Persian
1186,Persian_144.jpg,8,Persian
1187,Persian_145.jpg,8,Persian
1188,Persian_147.jpg,8,Persian
1189,Persian_149.jpg,8,Persian
1190,Persian_14.jpg,8,Persian
1191,Persian_150.jpg,8,Persian
1192,Persian_152.jpg,8,Persian
1193,Persian_153.jpg,8,Persian
1194,Persian_155.jpg,8,Persian
1195,Persian_156.jpg,8,Persian
1296,Ragdoll_100.jpg,9,Ragdoll
1297,Ragdoll_101.jpg,9,Ragdoll
1298,Ragdoll_103.jpg,9,Ragdoll
1299,Ragdoll_104.jpg,9,Ragdoll
1300,Ragdoll_105.jpg,9,Ragdoll
1301,Ragdoll_106.jpg,9,Ragdoll
1302,Ragdoll_107.jpg,9,Ragdoll
1303,Ragdoll_10.jpg,9,Ragdoll
1304,Ragdoll_110.jpg,9,Ragdoll
1305,Ragdoll_111.jpg,9,Ragdoll
1306,Ragdoll_112.jpg,9,Ragdoll
1307,Ragdoll_113.jpg,9,Ragdoll
1308,Ragdoll_114.jpg,9,Ragdoll
1309,Ragdoll_115.jpg,9,Ragdoll
1310,Ragdoll_116.jpg,9,Ragdoll
1311,Ragdoll_117.jpg,9,Ragdoll
1312,Ragdoll_118.jpg,9,Ragdoll
1313,Ragdoll_119.jpg,9,Ragdoll
1314,Ragdoll_121.jpg,9,Ragdoll
1315,Ragdoll_122.jpg,9,Ragdoll
1316,Ragdoll_124.jpg,9,Ragdoll
1317,Ragdoll_125.jpg,9,Ragdoll
1318,Ragdoll_126.jpg,9,Ragdoll
1319,Ragdoll_127.jpg,9,Ragdoll
1320,Ragdoll_128.jpg,9,Ragdoll
1321,Ragdoll_129.jpg,9,Ragdoll
1322,Ragdoll_12.jpg,9,Ragdoll
1323,Ragdoll_130.jpg,9,Ragdoll
1324,Ragdoll_131.jpg,9,Ragdoll
1325,Ragdoll_132.jpg,9,Ragdoll
1326,Ragdoll_133.jpg,9,Ragdoll
1327,Ragdoll_134.jpg,9,Ragdoll
1328,Ragdoll_135.jpg,9,Ragdoll
1329,Ragdoll_136.jpg,9,Ragdoll
1330,Ragdoll_137.jpg,9,Ragdoll
1331,Ragdoll_138.jpg,9,Ragdoll
1332,Ragdoll_139.jpg,9,Ragdoll
1333,Ragdoll_13.jpg,9,Ragdoll
1334,Ragdoll_140.jpg,9,Ragdoll
1335,Ragdoll_141.jpg,9,Ragdoll
1336,Ragdoll_142.jpg,9,Ragdoll
1337,Ragdoll_143.jpg,9,Ragdoll
1338,Ragdoll_145.jpg,9,Ragdoll
1339,Ragdoll_146.jpg,9,Ragdoll
1340,Ragdoll_147.jpg,9,Ragdoll
1341,Ragdoll_148.jpg,9,Ragdoll
1342,Ragdoll_149.jpg,9,Ragdoll
1343,Ragdoll_150.jpg,9,Ragdoll
1344,Ragdoll_151.jpg,9,Ragdoll
1345,Ragdoll_152.jpg,9,Ragdoll
1346,Russian_Blue_100.jpg,10,Russian
1347,Russian_Blue_101.jpg,10,Russian
1348,Russian_Blue_102.jpg,10,Russian
1349,Russian_Blue_103.jpg,10,Russian
1350,Russian_Blue_104.jpg,10,Russian
1351,Russian_Blue_106.jpg,10,Russian
1352,Russian_Blue_107.jpg,10,Russian
1353,Russian_Blue_108.jpg,10,Russian
1354,Russian_Blue_109.jpg,10,Russian
1355,Russian_Blue_10.jpg,10,Russian
1356,Russian_Blue_110.jpg,10,Russian
1357,Russian_Blue_111.jpg,10,Russian
1358,Russian_Blue_112.jpg,10,Russian
1359,Russian_Blue_113.jpg,10,Russian
1360,Russian_Blue_114.jpg,10,Russian
1361,Russian_Blue_115.jpg,10,Russian
1362,Russian_Blue_116.jpg,10,Russian
1363,Russian_Blue_117.jpg,10,Russian
1364,Russian_Blue_118.jpg,10,Russian
1365,Russian_Blue_119.jpg,10,Russian
1366,Russian_Blue_120.jpg,10,Russian
1367,Russian_Blue_122.jpg,10,Russian
1368,Russian_Blue_123.jpg,10,Russian
1369,Russian_Blue_124.jpg,10,Russian
1370,Russian_Blue_125.jpg,10,Russian
1371,Russian_Blue_127.jpg,10,Russian
1372,Russian_Blue_128.jpg,10,Russian
1373,Russian_Blue_129.jpg,10,Russian
1374,Russian_Blue_12.jpg,10,Russian
1375,Russian_Blue_130.jpg,10,Russian
1376,Russian_Blue_131.jpg,10,Russian
1377,Russian_Blue_132.jpg,10,Russian
1378,Russian_Blue_133.jpg,10,Russian
1379,Russian_Blue_135.jpg,10,Russian
1380,Russian_Blue_136.jpg,10,Russian
1381,Russian_Blue_137.jpg,10,Russian
1382,Russian_Blue_139.jpg,10,Russian
1383,Russian_Blue_13.jpg,10,Russian
1384,Russian_Blue_140.jpg,10,Russian
1385,Russian_Blue_142.jpg,10,Russian
1386,Russian_Blue_143.jpg,10,Russian
1387,Russian_Blue_144.jpg,10,Russian
1388,Russian_Blue_145.jpg,10,Russian
1389,Russian_Blue_146.jpg,10,Russian
1390,Russian_Blue_147.jpg,10,Russian
1391,Russian_Blue_148.jpg,10,Russian
1392,Russian_Blue_149.jpg,10,Russian
1393,Russian_Blue_14.jpg,10,Russian
1394,Russian_Blue_150.jpg,10,Russian
1395,Russian_Blue_151.jpg,10,Russian
1596,Siamese_100.jpg,11,Siamese
1597,Siamese_101.jpg,11,Siamese
1598,Siamese_102.jpg,11,Siamese
1599,Siamese_103.jpg,11,Siamese
1600,Siamese_104.jpg,11,Siamese
1601,Siamese_106.jpg,11,Siamese
1602,Siamese_108.jpg,11,Siamese
1603,Siamese_109.jpg,11,Siamese
1604,Siamese_110.jpg,11,Siamese
1605,Siamese_111.jpg,11,Siamese
1606,Siamese_112.jpg,11,Siamese
1607,Siamese_113.jpg,11,Siamese
1608,Siamese_114.jpg,11,Siamese
1609,Siamese_115.jpg,11,Siamese
1610,Siamese_116.jpg,11,Siamese
1611,Siamese_117.jpg,11,Siamese
1612,Siamese_119.jpg,11,Siamese
1613,Siamese_120.jpg,11,Siamese
1614,Siamese_122.jpg,11,Siamese
1615,Siamese_125.jpg,11,Siamese
1616,Siamese_126.jpg,11,Siamese
1617,Siamese_127.jpg,11,Siamese
1618,Siamese_128.jpg,11,Siamese
1619,Siamese_129.jpg,11,Siamese
1620,Siamese_130.jpg,11,Siamese
1621,Siamese_131.jpg,11,Siamese
1622,Siamese_133.jpg,11,Siamese
1623,Siamese_135.jpg,11,Siamese
1624,Siamese_136.jpg,11,Siamese
1625,Siamese_137.jpg,11,Siamese
1626,Siamese_138.jpg,11,Siamese
1627,Siamese_139.jpg,11,Siamese
1628,Siamese_140.jpg,11,Siamese
1629,Siamese_141.jpg,11,Siamese
1630,Siamese_142.jpg,11,Siamese
1631,Siamese_143.jpg,11,Siamese
1632,Siamese_144.jpg,11,Siamese
1633,Siamese_145.jpg,11,Siamese
1634,Siamese_146.jpg,11,Siamese
1635,Siamese_147.jpg,11,Siamese
1636,Siamese_148.jpg,11,Siamese
1637,Siamese_149.jpg,11,Siamese
1638,Siamese_14.jpg,11,Siamese
1639,Siamese_150.jpg,11,Siamese
1640,Siamese_151.jpg,11,Siamese
1641,Siamese_152.jpg,11,Siamese
1642,Siamese_153.jpg,11,Siamese
1643,Siamese_154.jpg,11,Siamese
1644,Siamese_155.jpg,11,Siamese
1645,Siamese_156.jpg,11,Siamese
1646,Sphynx_102.jpg,12,Sphynx
1647,Sphynx_103.jpg,12,Sphynx
1648,Sphynx_104.jpg,12,Sphynx
1649,Sphynx_105.jpg,12,Sphynx
1650,Sphynx_107.jpg,12,Sphynx
1651,Sphynx_108.jpg,12,Sphynx
1652,Sphynx_110.jpg,12,Sphynx
1653,Sphynx_111.jpg,12,Sphynx
1654,Sphynx_112.jpg,12,Sphynx
1655,Sphynx_114.jpg,12,Sphynx
1656,Sphynx_115.jpg,12,Sphynx
1657,Sphynx_116.jpg,12,Sphynx
1658,Sphynx_117.jpg,12,Sphynx
1659,Sphynx_119.jpg,12,Sphynx
1660,Sphynx_11.jpg,12,Sphynx
1661,Sphynx_121.jpg,12,Sphynx
1662,Sphynx_122.jpg,12,Sphynx
1663,Sphynx_124.jpg,12,Sphynx
1664,Sphynx_125.jpg,12,Sphynx
1665,Sphynx_126.jpg,12,Sphynx
1666,Sphynx_127.jpg,12,Sphynx
1667,Sphynx_128.jpg,12,Sphynx
1668,Sphynx_129.jpg,12,Sphynx
1669,Sphynx_12.jpg,12,Sphynx
1670,Sphynx_130.jpg,12,Sphynx
1671,Sphynx_131.jpg,12,Sphynx
1672,Sphynx_132.jpg,12,Sphynx
1673,Sphynx_133.jpg,12,Sphynx
1674,Sphynx_134.jpg,12,Sphynx
1675,Sphynx_136.jpg,12,Sphynx
1676,Sphynx_137.jpg,12,Sphynx
1677,Sphynx_138.jpg,12,Sphynx
1678,Sphynx_139.jpg,12,Sphynx
1679,Sphynx_141.jpg,12,Sphynx
1680,Sphynx_142.jpg,12,Sphynx
1681,Sphynx_143.jpg,12,Sphynx
1682,Sphynx_144.jpg,12,Sphynx
1683,Sphynx_145.jpg,12,Sphynx
1684,Sphynx_146.jpg,12,Sphynx
1685,Sphynx_148.jpg,12,Sphynx
1686,Sphynx_14.jpg,12,Sphynx
1687,Sphynx_150.jpg,12,Sphynx
1688,Sphynx_151.jpg,12,Sphynx
1689,Sphynx_152.jpg,12,Sphynx
1690,Sphynx_153.jpg,12,Sphynx
1691,Sphynx_155.jpg,12,Sphynx
1692,Sphynx_156.jpg,12,Sphynx
1693,Sphynx_157.jpg,12,Sphynx
1694,Sphynx_158.jpg,12,Sphynx
1695,Sphynx_159.jpg,12,Sphynx
1846,Abyssinian_146.jpg,1,Abyssinian
1847,Abyssinian_148.jpg,1,Abyssinian
1848,Abyssinian_149.jpg,1,Abyssinian
1849,Abyssinian_14.jpg,1,Abyssinian
1850,Abyssinian_150.jpg,1,Abyssinian
1851,Abyssinian_151.jpg,1,Abyssinian
1852,Abyssinian_152.jpg,1,Abyssinian
1853,Abyssinian_153.jpg,1,Abyssinian
1854,Abyssinian_154.jpg,1,Abyssinian
1855,Abyssinian_155.jpg,1,Abyssinian
1856,Abyssinian_156.jpg,1,Abyssinian
1857,Abyssinian_157.jpg,1,Abyssinian
1858,Abyssinian_158.jpg,1,Abyssinian
1859,Abyssinian_159.jpg,1,Abyssinian
1860,Abyssinian_15.jpg,1,Abyssinian
1861,Abyssinian_160.jpg,1,Abyssinian
1862,Abyssinian_161.jpg,1,Abyssinian
1863,Abyssinian_164.jpg,1,Abyssinian
1864,Abyssinian_165.jpg,1,Abyssinian
1865,Abyssinian_166.jpg,1,Abyssinian
1866,Abyssinian_167.jpg,1,Abyssinian
1867,Abyssinian_168.jpg,1,Abyssinian
1868,Abyssinian_169.jpg,1,Abyssinian
1869,Abyssinian_16.jpg,1,Abyssinian
1870,Abyssinian_170.jpg,1,Abyssinian
1871,Abyssinian_172.jpg,1,Abyssinian
1872,Abyssinian_173.jpg,1,Abyssinian
1873,Abyssinian_174.jpg,1,Abyssinian
1874,Abyssinian_175.jpg,1,Abyssinian
1875,Abyssinian_176.jpg,1,Abyssinian
1876,Abyssinian_177.jpg,1,Abyssinian
1877,Abyssinian_178.jpg,1,Abyssinian
1878,Abyssinian_179.jpg,1,Abyssinian
1879,Abyssinian_17.jpg,1,Abyssinian
1880,Abyssinian_180.jpg,1,Abyssinian
1881,Abyssinian_181.jpg,1,Abyssinian
1882,Abyssinian_182.jpg,1,Abyssinian
1883,Abyssinian_183.jpg,1,Abyssinian
1884,Abyssinian_184.jpg,1,Abyssinian
1885,Abyssinian_185.jpg,1,Abyssinian
1886,Abyssinian_18.jpg,1,Abyssinian
1887,Abyssinian_190.jpg,1,Abyssinian
1888,Abyssinian_191.jpg,1,Abyssinian
1889,Abyssinian_192.jpg,1,Abyssinian
1890,Abyssinian_193.jpg,1,Abyssinian
1891,Abyssinian_195.jpg,1,Abyssinian
1892,Abyssinian_196.jpg,1,Abyssinian
1893,Abyssinian_197.jpg,1,Abyssinian
1894,Abyssinian_19.jpg,1,Abyssinian
1895,Abyssinian_1.jpg,1,Abyssinian
2096,Bengal_146.jpg,2,Bengal
2097,Bengal_147.jpg,2,Bengal
2098,Bengal_148.jpg,2,Bengal
2099,Bengal_149.jpg,2,Bengal
2100,Bengal_14.jpg,2,Bengal
2101,Bengal_150.jpg,2,Bengal
2102,Bengal_151.jpg,2,Bengal
2103,Bengal_152.jpg,2,Bengal
2104,Bengal_153.jpg,2,Bengal
2105,Bengal_154.jpg,2,Bengal
2106,Bengal_155.jpg,2,Bengal
2107,Bengal_156.jpg,2,Bengal
2108,Bengal_157.jpg,2,Bengal
2109,Bengal_158.jpg,2,Bengal
2110,Bengal_159.jpg,2,Bengal
2111,Bengal_15.jpg,2,Bengal
2112,Bengal_160.jpg,2,Bengal
2113,Bengal_161.jpg,2,Bengal
2114,Bengal_162.jpg,2,Bengal
2115,Bengal_163.jpg,2,Bengal
2116,Bengal_164.jpg,2,Bengal
2117,Bengal_165.jpg,2,Bengal
2118,Bengal_166.jpg,2,Bengal
2119,Bengal_167.jpg,2,Bengal
2120,Bengal_168.jpg,2,Bengal
2121,Bengal_169.jpg,2,Bengal
2122,Bengal_16.jpg,2,Bengal
2123,Bengal_170.jpg,2,Bengal
2124,Bengal_171.jpg,2,Bengal
2125,Bengal_172.jpg,2,Bengal
2126,Bengal_173.jpg,2,Bengal
2127,Bengal_174.jpg,2,Bengal
2128,Bengal_175.jpg,2,Bengal
2129,Bengal_176.jpg,2,Bengal
2130,Bengal_177.jpg,2,Bengal
2131,Bengal_178.jpg,2,Bengal
2132,Bengal_179.jpg,2,Bengal
2133,Bengal_17.jpg,2,Bengal
2134,Bengal_180.jpg,2,Bengal
2135,Bengal_182.jpg,2,Bengal
2136,Bengal_183.jpg,2,Bengal
2137,Bengal_184.jpg,2,Bengal
2138,Bengal_185.jpg,2,Bengal
2139,Bengal_186.jpg,2,Bengal
2140,Bengal_187.jpg,2,Bengal
2141,Bengal_188.jpg,2,Bengal
2142,Bengal_189.jpg,2,Bengal
2143,Bengal_18.jpg,2,Bengal
2144,Bengal_190.jpg,2,Bengal
2145,Bengal_191.jpg,2,Bengal
2146,Birman_146.jpg,3,Birman
2147,Birman_147.jpg,3,Birman
2148,Birman_148.jpg,3,Birman
2149,Birman_149.jpg,3,Birman
2150,Birman_14.jpg,3,Birman
2151,Birman_150.jpg,3,Birman
2152,Birman_151.jpg,3,Birman
2153,Birman_152.jpg,3,Birman
2154,Birman_153.jpg,3,Birman
2155,Birman_154.jpg,3,Birman
2156,Birman_155.jpg,3,Birman
2157,Birman_156.jpg,3,Birman
2158,Birman_157.jpg,3,Birman
2159,Birman_158.jpg,3,Birman
2160,Birman_159.jpg,3,Birman
2161,Birman_15.jpg,3,Birman
2162,Birman_160.jpg,3,Birman
2163,Birman_161.jpg,3,Birman
2164,Birman_162.jpg,3,Birman
2165,Birman_163.jpg,3,Birman
2166,Birman_164.jpg,3,Birman
2167,Birman_165.jpg,3,Birman
2168,Birman_166.jpg,3,Birman
2169,Birman_167.jpg,3,Birman
2170,Birman_168.jpg,3,Birman
2171,Birman_169.jpg,3,Birman
2172,Birman_16.jpg,3,Birman
2173,Birman_170.jpg,3,Birman
2174,Birman_171.jpg,3,Birman
2175,Birman_172.jpg,3,Birman
2176,Birman_173.jpg,3,Birman
2177,Birman_174.jpg,3,Birman
2178,Birman_175.jpg,3,Birman
2179,Birman_176.jpg,3,Birman
2180,Birman_177.jpg,3,Birman
2181,Birman_178.jpg,3,Birman
2182,Birman_179.jpg,3,Birman
2183,Birman_17.jpg,3,Birman
2184,Birman_180.jpg,3,Birman
2185,Birman_181.jpg,3,Birman
2186,Birman_182.jpg,3,Birman
2187,Birman_183.jpg,3,Birman
2188,Birman_184.jpg,3,Birman
2189,Birman_185.jpg,3,Birman
2190,Birman_186.jpg,3,Birman
2191,Birman_187.jpg,3,Birman
2192,Birman_188.jpg,3,Birman
2193,Birman_189.jpg,3,Birman
2194,Birman_18.jpg,3,Birman
2195,Birman_190.jpg,3,Birman
2196,Bombay_14.jpg,4,Bombay
2197,Bombay_150.jpg,4,Bombay
2198,Bombay_151.jpg,4,Bombay
2199,Bombay_152.jpg,4,Bombay
2200,Bombay_153.jpg,4,Bombay
2201,Bombay_154.jpg,4,Bombay
2202,Bombay_155.jpg,4,Bombay
2203,Bombay_156.jpg,4,Bombay
2204,Bombay_157.jpg,4,Bombay
2205,Bombay_158.jpg,4,Bombay
2206,Bombay_159.jpg,4,Bombay
2207,Bombay_15.jpg,4,Bombay
2208,Bombay_160.jpg,4,Bombay
2209,Bombay_161.jpg,4,Bombay
2210,Bombay_162.jpg,4,Bombay
2211,Bombay_163.jpg,4,Bombay
2212,Bombay_164.jpg,4,Bombay
2213,Bombay_166.jpg,4,Bombay
2214,Bombay_167.jpg,4,Bombay
2215,Bombay_168.jpg,4,Bombay
2216,Bombay_169.jpg,4,Bombay
2217,Bombay_16.jpg,4,Bombay
2218,Bombay_170.jpg,4,Bombay
2219,Bombay_171.jpg,4,Bombay
2220,Bombay_172.jpg,4,Bombay
2221,Bombay_173.jpg,4,Bombay
2222,Bombay_174.jpg,4,Bombay
2223,Bombay_175.jpg,4,Bombay
2224,Bombay_176.jpg,4,Bombay
2225,Bombay_177.jpg,4,Bombay
2226,Bombay_178.jpg,4,Bombay
2227,Bombay_179.jpg,4,Bombay
2228,Bombay_180.jpg,4,Bombay
2229,Bombay_181.jpg,4,Bombay
2230,Bombay_182.jpg,4,Bombay
2231,Bombay_183.jpg,4,Bombay
2232,Bombay_184.jpg,4,Bombay
2233,Bombay_185.jpg,4,Bombay
2234,Bombay_186.jpg,4,Bombay
2235,Bombay_188.jpg,4,Bombay
2236,Bombay_18.jpg,4,Bombay
2237,Bombay_191.jpg,4,Bombay
2238,Bombay_193.jpg,4,Bombay
2239,Bombay_194.jpg,4,Bombay
2240,Bombay_198.jpg,4,Bombay
2241,Bombay_19.jpg,4,Bombay
2242,Bombay_1.jpg,4,Bombay
2293,British_Shorthair_158.jpg,5,British
2294,British_Shorthair_159.jpg,5,British
2295,British_Shorthair_15.jpg,5,British
2296,British_Shorthair_160.jpg,5,British
2297,British_Shorthair_161.jpg,5,British
2298,British_Shorthair_162.jpg,5,British
2299,British_Shorthair_163.jpg,5,British
2300,British_Shorthair_164.jpg,5,British
2301,British_Shorthair_165.jpg,5,British
2302,British_Shorthair_166.jpg,5,British
2303,British_Shorthair_167.jpg,5,British
2304,British_Shorthair_168.jpg,5,British
2305,British_Shorthair_169.jpg,5,British
2306,British_Shorthair_16.jpg,5,British
2307,British_Shorthair_170.jpg,5,British
2308,British_Shorthair_172.jpg,5,British
2309,British_Shorthair_173.jpg,5,British
2310,British_Shorthair_174.jpg,5,British
2311,British_Shorthair_175.jpg,5,British
2312,British_Shorthair_176.jpg,5,British
2313,British_Shorthair_177.jpg,5,British
2314,British_Shorthair_178.jpg,5,British
2315,British_Shorthair_179.jpg,5,British
2316,British_Shorthair_17.jpg,5,British
2317,British_Shorthair_180.jpg,5,British
2318,British_Shorthair_181.jpg,5,British
2319,British_Shorthair_182.jpg,5,British
2320,British_Shorthair_183.jpg,5,British
2321,British_Shorthair_184.jpg,5,British
2322,British_Shorthair_185.jpg,5,British
2323,British_Shorthair_186.jpg,5,British
2324,British_Shorthair_187.jpg,5,British
2325,British_Shorthair_188.jpg,5,British
2326,British_Shorthair_189.jpg,5,British
2327,British_Shorthair_18.jpg,5,British
2328,British_Shorthair_190.jpg,5,British
2329,British_Shorthair_193.jpg,5,British
2330,British_Shorthair_195.jpg,5,British
2331,British_Shorthair_196.jpg,5,British
2332,British_Shorthair_197.jpg,5,British
2333,British_Shorthair_198.jpg,5,British
2334,British_Shorthair_199.jpg,5,British
2335,British_Shorthair_200.jpg,5,British
2336,British_Shorthair_201.jpg,5,British
2337,British_Shorthair_203.jpg,5,British
2338,British_Shorthair_204.jpg,5,British
2339,British_Shorthair_205.jpg,5,British
2340,British_Shorthair_207.jpg,5,British
2341,British_Shorthair_209.jpg,5,British
2342,British_Shorthair_210.jpg,5,British
2393,Egyptian_Mau_148.jpg,6,Egyptian
2394,Egyptian_Mau_149.jpg,6,Egyptian
2395,Egyptian_Mau_14.jpg,6,Egyptian
2396,Egyptian_Mau_150.jpg,6,Egyptian
2397,Egyptian_Mau_151.jpg,6,Egyptian
2398,Egyptian_Mau_152.jpg,6,Egyptian
2399,Egyptian_Mau_153.jpg,6,Egyptian
2400,Egyptian_Mau_154.jpg,6,Egyptian
2401,Egyptian_Mau_155.jpg,6,Egyptian
2402,Egyptian_Mau_156.jpg,6,Egyptian
2403,Egyptian_Mau_157.jpg,6,Egyptian
2404,Egyptian_Mau_15.jpg,6,Egyptian
2405,Egyptian_Mau_160.jpg,6,Egyptian
2406,Egyptian_Mau_161.jpg,6,Egyptian
2407,Egyptian_Mau_162.jpg,6,Egyptian
2408,Egyptian_Mau_163.jpg,6,Egyptian
2409,Egyptian_Mau_164.jpg,6,Egyptian
2410,Egyptian_Mau_165.jpg,6,Egyptian
2411,Egyptian_Mau_168.jpg,6,Egyptian
2412,Egyptian_Mau_16.jpg,6,Egyptian
2413,Egyptian_Mau_170.jpg,6,Egyptian
2414,Egyptian_Mau_171.jpg,6,Egyptian
2415,Egyptian_Mau_172.jpg,6,Egyptian
2416,Egyptian_Mau_173.jpg,6,Egyptian
2417,Egyptian_Mau_174.jpg,6,Egyptian
2418,Egyptian_Mau_175.jpg,6,Egyptian
2419,Egyptian_Mau_176.jpg,6,Egyptian
2420,Egyptian_Mau_178.jpg,6,Egyptian
2421,Egyptian_Mau_179.jpg,6,Egyptian
2422,Egyptian_Mau_180.jpg,6,Egyptian
2423,Egyptian_Mau_181.jpg,6,Egyptian
2424,Egyptian_Mau_182.jpg,6,Egyptian
2425,Egyptian_Mau_184.jpg,6,Egyptian
2426,Egyptian_Mau_185.jpg,6,Egyptian
2427,Egyptian_Mau_186.jpg,6,Egyptian
2428,Egyptian_Mau_187.jpg,6,Egyptian
2429,Egyptian_Mau_188.jpg,6,Egyptian
2430,Egyptian_Mau_189.jpg,6,Egyptian
2431,Egyptian_Mau_18.jpg,6,Egyptian
2432,Egyptian_Mau_190.jpg,6,Egyptian
2433,Egyptian_Mau_192.jpg,6,Egyptian
2434,Egyptian_Mau_193.jpg,6,Egyptian
2435,Egyptian_Mau_194.jpg,6,Egyptian
2436,Egyptian_Mau_195.jpg,6,Egyptian
2437,Egyptian_Mau_196.jpg,6,Egyptian
2438,Egyptian_Mau_197.jpg,6,Egyptian
2835,Maine_Coon_154.jpg,7,Maine
2836,Maine_Coon_155.jpg,7,Maine
2837,Maine_Coon_157.jpg,7,Maine
2838,Maine_Coon_158.jpg,7,Maine
2839,Maine_Coon_159.jpg,7,Maine
2840,Maine_Coon_160.jpg,7,Maine
2841,Maine_Coon_161.jpg,7,Maine
2842,Maine_Coon_162.jpg,7,Maine
2843,Maine_Coon_163.jpg,7,Maine
2844,Maine_Coon_164.jpg,7,Maine
2845,Maine_Coon_167.jpg,7,Maine
2846,Maine_Coon_168.jpg,7,Maine
2847,Maine_Coon_169.jpg,7,Maine
2848,Maine_Coon_16.jpg,7,Maine
2849,Maine_Coon_170.jpg,7,Maine
2850,Maine_Coon_171.jpg,7,Maine
2851,Maine_Coon_173.jpg,7,Maine
2852,Maine_Coon_174.jpg,7,Maine
2853,Maine_Coon_175.jpg,7,Maine
2854,Maine_Coon_176.jpg,7,Maine
2855,Maine_Coon_17.jpg,7,Maine
2856,Maine_Coon_180.jpg,7,Maine
2857,Maine_Coon_182.jpg,7,Maine
2858,Maine_Coon_184.jpg,7,Maine
2859,Maine_Coon_186.jpg,7,Maine
2860,Maine_Coon_187.jpg,7,Maine
2861,Maine_Coon_189.jpg,7,Maine
2862,Maine_Coon_18.jpg,7,Maine
2863,Maine_Coon_191.jpg,7,Maine
2864,Maine_Coon_192.jpg,7,Maine
2865,Maine_Coon_193.jpg,7,Maine
2866,Maine_Coon_194.jpg,7,Maine
2867,Maine_Coon_195.jpg,7,Maine
2868,Maine_Coon_196.jpg,7,Maine
2869,Maine_Coon_197.jpg,7,Maine
2870,Maine_Coon_19.jpg,7,Maine
2871,Maine_Coon_1.jpg,7,Maine
2872,Maine_Coon_201.jpg,7,Maine
2873,Maine_Coon_203.jpg,7,Maine
2874,Maine_Coon_204.jpg,7,Maine
2875,Maine_Coon_205.jpg,7,Maine
2876,Maine_Coon_206.jpg,7,Maine
2877,Maine_Coon_207.jpg,7,Maine
2878,Maine_Coon_208.jpg,7,Maine
2879,Maine_Coon_210.jpg,7,Maine
2880,Maine_Coon_211.jpg,7,Maine
2881,Maine_Coon_213.jpg,7,Maine
2882,Maine_Coon_214.jpg,7,Maine
2883,Maine_Coon_217.jpg,7,Maine
2884,Maine_Coon_219.jpg,7,Maine
2981,Persian_158.jpg,8,Persian
2982,Persian_159.jpg,8,Persian
2983,Persian_15.jpg,8,Persian
2984,Persian_160.jpg,8,Persian
2985,Persian_161.jpg,8,Persian
2986,Persian_162.jpg,8,Persian
2987,Persian_163.jpg,8,Persian
2988,Persian_164.jpg,8,Persian
2989,Persian_165.jpg,8,Persian
2990,Persian_166.jpg,8,Persian
2991,Persian_168.jpg,8,Persian
2992,Persian_169.jpg,8,Persian
2993,Persian_16.jpg,8,Persian
2994,Persian_170.jpg,8,Persian
2995,Persian_171.jpg,8,Persian
2996,Persian_172.jpg,8,Persian
2997,Persian_173.jpg,8,Persian
2998,Persian_174.jpg,8,Persian
2999,Persian_175.jpg,8,Persian
3000,Persian_176.jpg,8,Persian
3001,Persian_179.jpg,8,Persian
3002,Persian_17.jpg,8,Persian
3003,Persian_180.jpg,8,Persian
3004,Persian_181.jpg,8,Persian
3005,Persian_182.jpg,8,Persian
3006,Persian_183.jpg,8,Persian
3007,Persian_184.jpg,8,Persian
3008,Persian_185.jpg,8,Persian
3009,Persian_186.jpg,8,Persian
3010,Persian_187.jpg,8,Persian
3011,Persian_188.jpg,8,Persian
3012,Persian_189.jpg,8,Persian
3013,Persian_18.jpg,8,Persian
3014,Persian_190.jpg,8,Persian
3015,Persian_191.jpg,8,Persian
3016,Persian_192.jpg,8,Persian
3017,Persian_193.jpg,8,Persian
3018,Persian_194.jpg,8,Persian
3019,Persian_195.jpg,8,Persian
3020,Persian_196.jpg,8,Persian
3021,Persian_197.jpg,8,Persian
3022,Persian_19.jpg,8,Persian
3023,Persian_1.jpg,8,Persian
3024,Persian_200.jpg,8,Persian
3025,Persian_201.jpg,8,Persian
3026,Persian_202.jpg,8,Persian
3027,Persian_206.jpg,8,Persian
3028,Persian_20.jpg,8,Persian
3029,Persian_213.jpg,8,Persian
3030,Persian_217.jpg,8,Persian
3131,Ragdoll_153.jpg,9,Ragdoll
3132,Ragdoll_154.jpg,9,Ragdoll
3133,Ragdoll_155.jpg,9,Ragdoll
3134,Ragdoll_156.jpg,9,Ragdoll
3135,Ragdoll_158.jpg,9,Ragdoll
3136,Ragdoll_159.jpg,9,Ragdoll
3137,Ragdoll_160.jpg,9,Ragdoll
3138,Ragdoll_161.jpg,9,Ragdoll
3139,Ragdoll_162.jpg,9,Ragdoll
3140,Ragdoll_163.jpg,9,Ragdoll
3141,Ragdoll_164.jpg,9,Ragdoll
3142,Ragdoll_165.jpg,9,Ragdoll
3143,Ragdoll_166.jpg,9,Ragdoll
3144,Ragdoll_168.jpg,9,Ragdoll
3145,Ragdoll_169.jpg,9,Ragdoll
3146,Ragdoll_16.jpg,9,Ragdoll
3147,Ragdoll_170.jpg,9,Ragdoll
3148,Ragdoll_171.jpg,9,Ragdoll
3149,Ragdoll_172.jpg,9,Ragdoll
3150,Ragdoll_173.jpg,9,Ragdoll
3151,Ragdoll_174.jpg,9,Ragdoll
3152,Ragdoll_175.jpg,9,Ragdoll
3153,Ragdoll_176.jpg,9,Ragdoll
3154,Ragdoll_177.jpg,9,Ragdoll
3155,Ragdoll_178.jpg,9,Ragdoll
3156,Ragdoll_179.jpg,9,Ragdoll
3157,Ragdoll_180.jpg,9,Ragdoll
3158,Ragdoll_181.jpg,9,Ragdoll
3159,Ragdoll_182.jpg,9,Ragdoll
3160,Ragdoll_183.jpg,9,Ragdoll
3161,Ragdoll_184.jpg,9,Ragdoll
3162,Ragdoll_185.jpg,9,Ragdoll
3163,Ragdoll_186.jpg,9,Ragdoll
3164,Ragdoll_187.jpg,9,Ragdoll
3165,Ragdoll_188.jpg,9,Ragdoll
3166,Ragdoll_189.jpg,9,Ragdoll
3167,Ragdoll_18.jpg,9,Ragdoll
3168,Ragdoll_190.jpg,9,Ragdoll
3169,Ragdoll_191.jpg,9,Ragdoll
3170,Ragdoll_192.jpg,9,Ragdoll
3171,Ragdoll_193.jpg,9,Ragdoll
3172,Ragdoll_194.jpg,9,Ragdoll
3173,Ragdoll_195.jpg,9,Ragdoll
3174,Ragdoll_196.jpg,9,Ragdoll
3175,Ragdoll_197.jpg,9,Ragdoll
3176,Ragdoll_198.jpg,9,Ragdoll
3177,Ragdoll_199.jpg,9,Ragdoll
3178,Ragdoll_1.jpg,9,Ragdoll
3179,Ragdoll_201.jpg,9,Ragdoll
3180,Ragdoll_202.jpg,9,Ragdoll
3181,Russian_Blue_152.jpg,10,Russian
3182,Russian_Blue_153.jpg,10,Russian
3183,Russian_Blue_154.jpg,10,Russian
3184,Russian_Blue_155.jpg,10,Russian
3185,Russian_Blue_156.jpg,10,Russian
3186,Russian_Blue_157.jpg,10,Russian
3187,Russian_Blue_158.jpg,10,Russian
3188,Russian_Blue_159.jpg,10,Russian
3189,Russian_Blue_160.jpg,10,Russian
3190,Russian_Blue_161.jpg,10,Russian
3191,Russian_Blue_162.jpg,10,Russian
3192,Russian_Blue_164.jpg,10,Russian
3193,Russian_Blue_165.jpg,10,Russian
3194,Russian_Blue_166.jpg,10,Russian
3195,Russian_Blue_168.jpg,10,Russian
3196,Russian_Blue_169.jpg,10,Russian
3197,Russian_Blue_16.jpg,10,Russian
3198,Russian_Blue_170.jpg,10,Russian
3199,Russian_Blue_171.jpg,10,Russian
3200,Russian_Blue_172.jpg,10,Russian
3201,Russian_Blue_173.jpg,10,Russian
3202,Russian_Blue_174.jpg,10,Russian
3203,Russian_Blue_175.jpg,10,Russian
3204,Russian_Blue_176.jpg,10,Russian
3205,Russian_Blue_177.jpg,10,Russian
3206,Russian_Blue_178.jpg,10,Russian
3207,Russian_Blue_179.jpg,10,Russian
3208,Russian_Blue_17.jpg,10,Russian
3209,Russian_Blue_180.jpg,10,Russian
3210,Russian_Blue_181.jpg,10,Russian
3211,Russian_Blue_182.jpg,10,Russian
3212,Russian_Blue_183.jpg,10,Russian
3213,Russian_Blue_184.jpg,10,Russian
3214,Russian_Blue_185.jpg,10,Russian
3215,Russian_Blue_186.jpg,10,Russian
3216,Russian_Blue_187.jpg,10,Russian
3217,Russian_Blue_188.jpg,10,Russian
3218,Russian_Blue_18.jpg,10,Russian
3219,Russian_Blue_191.jpg,10,Russian
3220,Russian_Blue_192.jpg,10,Russian
3221,Russian_Blue_193.jpg,10,Russian
3222,Russian_Blue_194.jpg,10,Russian
3223,Russian_Blue_195.jpg,10,Russian
3224,Russian_Blue_196.jpg,10,Russian
3225,Russian_Blue_197.jpg,10,Russian
3226,Russian_Blue_198.jpg,10,Russian
3227,Russian_Blue_199.jpg,10,Russian
3228,Russian_Blue_19.jpg,10,Russian
3229,Russian_Blue_1.jpg,10,Russian
3230,Russian_Blue_200.jpg,10,Russian
3431,Siamese_157.jpg,11,Siamese
3432,Siamese_158.jpg,11,Siamese
3433,Siamese_159.jpg,11,Siamese
3434,Siamese_160.jpg,11,Siamese
3435,Siamese_161.jpg,11,Siamese
3436,Siamese_162.jpg,11,Siamese
3437,Siamese_163.jpg,11,Siamese
3438,Siamese_164.jpg,11,Siamese
3439,Siamese_165.jpg,11,Siamese
3440,Siamese_167.jpg,11,Siamese
3441,Siamese_168.jpg,11,Siamese
3442,Siamese_169.jpg,11,Siamese
3443,Siamese_170.jpg,11,Siamese
3444,Siamese_171.jpg,11,Siamese
3445,Siamese_172.jpg,11,Siamese
3446,Siamese_173.jpg,11,Siamese
3447,Siamese_174.jpg,11,Siamese
3448,Siamese_175.jpg,11,Siamese
3449,Siamese_176.jpg,11,Siamese
3450,Siamese_178.jpg,11,Siamese
3451,Siamese_179.jpg,11,Siamese
3452,Siamese_17.jpg,11,Siamese
3453,Siamese_180.jpg,11,Siamese
3454,Siamese_181.jpg,11,Siamese
3455,Siamese_182.jpg,11,Siamese
3456,Siamese_183.jpg,11,Siamese
3457,Siamese_184.jpg,11,Siamese
3458,Siamese_185.jpg,11,Siamese
3459,Siamese_186.jpg,11,Siamese
3460,Siamese_187.jpg,11,Siamese
3461,Siamese_188.jpg,11,Siamese
3462,Siamese_189.jpg,11,Siamese
3463,Siamese_18.jpg,11,Siamese
3464,Siamese_191.jpg,11,Siamese
3465,Siamese_193.jpg,11,Siamese
3466,Siamese_194.jpg,11,Siamese
3467,Siamese_195.jpg,11,Siamese
3468,Siamese_196.jpg,11,Siamese
3469,Siamese_198.jpg,11,Siamese
3470,Siamese_199.jpg,11,Siamese
3471,Siamese_19.jpg,11,Siamese
3472,Siamese_200.jpg,11,Siamese
3473,Siamese_201.jpg,11,Siamese
3474,Siamese_202.jpg,11,Siamese
3475,Siamese_204.jpg,11,Siamese
3476,Siamese_205.jpg,11,Siamese
3477,Siamese_206.jpg,11,Siamese
3478,Siamese_207.jpg,11,Siamese
3479,Siamese_208.jpg,11,Siamese
3480,Sphynx_15.jpg,12,Sphynx
3481,Sphynx_160.jpg,12,Sphynx
3482,Sphynx_162.jpg,12,Sphynx
3483,Sphynx_164.jpg,12,Sphynx
3484,Sphynx_165.jpg,12,Sphynx
3485,Sphynx_166.jpg,12,Sphynx
3486,Sphynx_167.jpg,12,Sphynx
3487,Sphynx_168.jpg,12,Sphynx
3488,Sphynx_169.jpg,12,Sphynx
3489,Sphynx_170.jpg,12,Sphynx
3490,Sphynx_171.jpg,12,Sphynx
3491,Sphynx_172.jpg,12,Sphynx
3492,Sphynx_173.jpg,12,Sphynx
3493,Sphynx_174.jpg,12,Sphynx
3494,Sphynx_175.jpg,12,Sphynx
3495,Sphynx_176.jpg,12,Sphynx
3496,Sphynx_177.jpg,12,Sphynx
3497,Sphynx_178.jpg,12,Sphynx
3498,Sphynx_179.jpg,12,Sphynx
3499,Sphynx_17.jpg,12,Sphynx
3500,Sphynx_180.jpg,12,Sphynx
3501,Sphynx_181.jpg,12,Sphynx
3502,Sphynx_182.jpg,12,Sphynx
3503,Sphynx_183.jpg,12,Sphynx
3504,Sphynx_184.jpg,12,Sphynx
3505,Sphynx_185.jpg,12,Sphynx
3506,Sphynx_186.jpg,12,Sphynx
3507,Sphynx_187.jpg,12,Sphynx
3508,Sphynx_188.jpg,12,Sphynx
3509,Sphynx_189.jpg,12,Sphynx
3510,Sphynx_18.jpg,12,Sphynx
3511,Sphynx_190.jpg,12,Sphynx
3512,Sphynx_191.jpg,12,Sphynx
3513,Sphynx_192.jpg,12,Sphynx
3514,Sphynx_193.jpg,12,Sphynx
3515,Sphynx_194.jpg,12,Sphynx
3516,Sphynx_195.jpg,12,Sphynx
3517,Sphynx_196.jpg,12,Sphynx
3518,Sphynx_197.jpg,12,Sphynx
3519,Sphynx_198.jpg,12,Sphynx
3520,Sphynx_199.jpg,12,Sphynx
3521,Sphynx_19.jpg,12,Sphynx
3522,Sphynx_1.jpg,12,Sphynx
3523,Sphynx_200.jpg,12,Sphynx
3524,Sphynx_201.jpg,12,Sphynx
3525,Sphynx_202.jpg,12,Sphynx
3526,Sphynx_203.jpg,12,Sphynx
3527,Sphynx_204.jpg,12,Sphynx
3528,Sphynx_205.jpg,12,Sphynx
3529,Sphynx_206.jpg,12,Sphynx
3680,Abyssinian_201.jpg,1,Abyssinian
3681,Abyssinian_202.jpg,1,Abyssinian
3682,Abyssinian_204.jpg,1,Abyssinian
3683,Abyssinian_205.jpg,1,Abyssinian
3684,Abyssinian_206.jpg,1,Abyssinian
3685,Abyssinian_207.jpg,1,Abyssinian
3686,Abyssinian_20.jpg,1,Abyssinian
3687,Abyssinian_210.jpg,1,Abyssinian
3688,Abyssinian_212.jpg,1,Abyssinian
3689,Abyssinian_213.jpg,1,Abyssinian
3690,Abyssinian_215.jpg,1,Abyssinian
3691,Abyssinian_216.jpg,1,Abyssinian
3692,Abyssinian_217.jpg,1,Abyssinian
3693,Abyssinian_219.jpg,1,Abyssinian
3694,Abyssinian_21.jpg,1,Abyssinian
3695,Abyssinian_220.jpg,1,Abyssinian
3696,Abyssinian_221.jpg,1,Abyssinian
3697,Abyssinian_223.jpg,1,Abyssinian
3698,Abyssinian_224.jpg,1,Abyssinian
3699,Abyssinian_225.jpg,1,Abyssinian
3700,Abyssinian_226.jpg,1,Abyssinian
3701,Abyssinian_228.jpg,1,Abyssinian
3702,Abyssinian_22.jpg,1,Abyssinian
3703,Abyssinian_230.jpg,1,Abyssinian
3704,Abyssinian_232.jpg,1,Abyssinian
3705,Abyssinian_24.jpg,1,Abyssinian
3706,Abyssinian_25.jpg,1,Abyssinian
3707,Abyssinian_26.jpg,1,Abyssinian
3708,Abyssinian_27.jpg,1,Abyssinian
3709,Abyssinian_29.jpg,1,Abyssinian
3710,Abyssinian_2.jpg,1,Abyssinian
3711,Abyssinian_30.jpg,1,Abyssinian
3712,Abyssinian_31.jpg,1,Abyssinian
3713,Abyssinian_32.jpg,1,Abyssinian
3714,Abyssinian_33.jpg,1,Abyssinian
3715,Abyssinian_36.jpg,1,Abyssinian
3716,Abyssinian_37.jpg,1,Abyssinian
3717,Abyssinian_3.jpg,1,Abyssinian
3718,Abyssinian_40.jpg,1,Abyssinian
3719,Abyssinian_43.jpg,1,Abyssinian
3720,Abyssinian_44.jpg,1,Abyssinian
3721,Abyssinian_45.jpg,1,Abyssinian
3722,Abyssinian_46.jpg,1,Abyssinian
3723,Abyssinian_47.jpg,1,Abyssinian
3724,Abyssinian_48.jpg,1,Abyssinian
3725,Abyssinian_49.jpg,1,Abyssinian
3726,Abyssinian_4.jpg,1,Abyssinian
3727,Abyssinian_50.jpg,1,Abyssinian
3728,Abyssinian_51.jpg,1,Abyssinian
3729,Abyssinian_52.jpg,1,Abyssinian
3730,Abyssinian_54.jpg,1,Abyssinian
3731,Abyssinian_55.jpg,1,Abyssinian
3732,Abyssinian_56.jpg,1,Abyssinian
3733,Abyssinian_57.jpg,1,Abyssinian
3734,Abyssinian_58.jpg,1,Abyssinian
3735,Abyssinian_5.jpg,1,Abyssinian
3736,Abyssinian_60.jpg,1,Abyssinian
3737,Abyssinian_61.jpg,1,Abyssinian
3738,Abyssinian_62.jpg,1,Abyssinian
3739,Abyssinian_63.jpg,1,Abyssinian
3740,Abyssinian_65.jpg,1,Abyssinian
3741,Abyssinian_66.jpg,1,Abyssinian
3742,Abyssinian_67.jpg,1,Abyssinian
3743,Abyssinian_68.jpg,1,Abyssinian
3744,Abyssinian_69.jpg,1,Abyssinian
3745,Abyssinian_6.jpg,1,Abyssinian
3746,Abyssinian_70.jpg,1,Abyssinian
3747,Abyssinian_71.jpg,1,Abyssinian
3748,Abyssinian_72.jpg,1,Abyssinian
3749,Abyssinian_73.jpg,1,Abyssinian
3750,Abyssinian_74.jpg,1,Abyssinian
3751,Abyssinian_75.jpg,1,Abyssinian
3752,Abyssinian_76.jpg,1,Abyssinian
3753,Abyssinian_77.jpg,1,Abyssinian
3754,Abyssinian_78.jpg,1,Abyssinian
3755,Abyssinian_79.jpg,1,Abyssinian
3756,Abyssinian_7.jpg,1,Abyssinian
3757,Abyssinian_80.jpg,1,Abyssinian
3758,Abyssinian_81.jpg,1,Abyssinian
3759,Abyssinian_83.jpg,1,Abyssinian
3760,Abyssinian_84.jpg,1,Abyssinian
3761,Abyssinian_85.jpg,1,Abyssinian
3762,Abyssinian_86.jpg,1,Abyssinian
3763,Abyssinian_87.jpg,1,Abyssinian
3764,Abyssinian_88.jpg,1,Abyssinian
3765,Abyssinian_89.jpg,1,Abyssinian
3766,Abyssinian_8.jpg,1,Abyssinian
3767,Abyssinian_90.jpg,1,Abyssinian
3768,Abyssinian_91.jpg,1,Abyssinian
3769,Abyssinian_92.jpg,1,Abyssinian
3770,Abyssinian_93.jpg,1,Abyssinian
3771,Abyssinian_94.jpg,1,Abyssinian
3772,Abyssinian_95.jpg,1,Abyssinian
3773,Abyssinian_96.jpg,1,Abyssinian
3774,Abyssinian_97.jpg,1,Abyssinian
3775,Abyssinian_98.jpg,1,Abyssinian
3776,Abyssinian_99.jpg,1,Abyssinian
3777,Abyssinian_9.jpg,1,Abyssinian
4178,Bengal_192.jpg,2,Bengal
4179,Bengal_193.jpg,2,Bengal
4180,Bengal_194.jpg,2,Bengal
4181,Bengal_195.jpg,2,Bengal
4182,Bengal_196.jpg,2,Bengal
4183,Bengal_197.jpg,2,Bengal
4184,Bengal_198.jpg,2,Bengal
4185,Bengal_199.jpg,2,Bengal
4186,Bengal_19.jpg,2,Bengal
4187,Bengal_1.jpg,2,Bengal
4188,Bengal_200.jpg,2,Bengal
4189,Bengal_201.jpg,2,Bengal
4190,Bengal_20.jpg,2,Bengal
4191,Bengal_21.jpg,2,Bengal
4192,Bengal_22.jpg,2,Bengal
4193,Bengal_23.jpg,2,Bengal
4194,Bengal_24.jpg,2,Bengal
4195,Bengal_25.jpg,2,Bengal
4196,Bengal_26.jpg,2,Bengal
4197,Bengal_27.jpg,2,Bengal
4198,Bengal_28.jpg,2,Bengal
4199,Bengal_29.jpg,2,Bengal
4200,Bengal_2.jpg,2,Bengal
4201,Bengal_30.jpg,2,Bengal
4202,Bengal_31.jpg,2,Bengal
4203,Bengal_32.jpg,2,Bengal
4204,Bengal_33.jpg,2,Bengal
4205,Bengal_34.jpg,2,Bengal
4206,Bengal_35.jpg,2,Bengal
4207,Bengal_36.jpg,2,Bengal
4208,Bengal_37.jpg,2,Bengal
4209,Bengal_38.jpg,2,Bengal
4210,Bengal_39.jpg,2,Bengal
4211,Bengal_3.jpg,2,Bengal
4212,Bengal_40.jpg,2,Bengal
4213,Bengal_41.jpg,2,Bengal
4214,Bengal_42.jpg,2,Bengal
4215,Bengal_43.jpg,2,Bengal
4216,Bengal_44.jpg,2,Bengal
4217,Bengal_45.jpg,2,Bengal
4218,Bengal_46.jpg,2,Bengal
4219,Bengal_47.jpg,2,Bengal
4220,Bengal_48.jpg,2,Bengal
4221,Bengal_49.jpg,2,Bengal
4222,Bengal_4.jpg,2,Bengal
4223,Bengal_50.jpg,2,Bengal
4224,Bengal_51.jpg,2,Bengal
4225,Bengal_52.jpg,2,Bengal
4226,Bengal_53.jpg,2,Bengal
4227,Bengal_54.jpg,2,Bengal
4228,Bengal_55.jpg,2,Bengal
4229,Bengal_56.jpg,2,Bengal
4230,Bengal_57.jpg,2,Bengal
4231,Bengal_58.jpg,2,Bengal
4232,Bengal_59.jpg,2,Bengal
4233,Bengal_5.jpg,2,Bengal
4234,Bengal_60.jpg,2,Bengal
4235,Bengal_61.jpg,2,Bengal
4236,Bengal_62.jpg,2,Bengal
4237,Bengal_63.jpg,2,Bengal
4238,Bengal_64.jpg,2,Bengal
4239,Bengal_65.jpg,2,Bengal
4240,Bengal_66.jpg,2,Bengal
4241,Bengal_67.jpg,2,Bengal
4242,Bengal_68.jpg,2,Bengal
4243,Bengal_69.jpg,2,Bengal
4244,Bengal_6.jpg,2,Bengal
4245,Bengal_70.jpg,2,Bengal
4246,Bengal_71.jpg,2,Bengal
4247,Bengal_72.jpg,2,Bengal
4248,Bengal_73.jpg,2,Bengal
4249,Bengal_74.jpg,2,Bengal
4250,Bengal_75.jpg,2,Bengal
4251,Bengal_76.jpg,2,Bengal
4252,Bengal_77.jpg,2,Bengal
4253,Bengal_78.jpg,2,Bengal
4254,Bengal_79.jpg,2,Bengal
4255,Bengal_7.jpg,2,Bengal
4256,Bengal_80.jpg,2,Bengal
4257,Bengal_81.jpg,2,Bengal
4258,Bengal_82.jpg,2,Bengal
4259,Bengal_83.jpg,2,Bengal
4260,Bengal_84.jpg,2,Bengal
4261,Bengal_85.jpg,2,Bengal
4262,Bengal_86.jpg,2,Bengal
4263,Bengal_87.jpg,2,Bengal
4264,Bengal_88.jpg,2,Bengal
4265,Bengal_89.jpg,2,Bengal
4266,Bengal_8.jpg,2,Bengal
4267,Bengal_90.jpg,2,Bengal
4268,Bengal_91.jpg,2,Bengal
4269,Bengal_92.jpg,2,Bengal
4270,Bengal_93.jpg,2,Bengal
4271,Bengal_94.jpg,2,Bengal
4272,Bengal_95.jpg,2,Bengal
4273,Bengal_96.jpg,2,Bengal
4274,Bengal_97.jpg,2,Bengal
4275,Bengal_98.jpg,2,Bengal
4276,Bengal_99.jpg,2,Bengal
4277,Bengal_9.jpg,2,Bengal
4278,Birman_191.jpg,3,Birman
4279,Birman_192.jpg,3,Birman
4280,Birman_193.jpg,3,Birman
4281,Birman_194.jpg,3,Birman
4282,Birman_196.jpg,3,Birman
4283,Birman_197.jpg,3,Birman
4284,Birman_198.jpg,3,Birman
4285,Birman_199.jpg,3,Birman
4286,Birman_19.jpg,3,Birman
4287,Birman_1.jpg,3,Birman
4288,Birman_200.jpg,3,Birman
4289,Birman_201.jpg,3,Birman
4290,Birman_20.jpg,3,Birman
4291,Birman_21.jpg,3,Birman
4292,Birman_22.jpg,3,Birman
4293,Birman_23.jpg,3,Birman
4294,Birman_24.jpg,3,Birman
4295,Birman_25.jpg,3,Birman
4296,Birman_26.jpg,3,Birman
4297,Birman_27.jpg,3,Birman
4298,Birman_28.jpg,3,Birman
4299,Birman_29.jpg,3,Birman
4300,Birman_2.jpg,3,Birman
4301,Birman_30.jpg,3,Birman
4302,Birman_31.jpg,3,Birman
4303,Birman_32.jpg,3,Birman
4304,Birman_33.jpg,3,Birman
4305,Birman_34.jpg,3,Birman
4306,Birman_35.jpg,3,Birman
4307,Birman_36.jpg,3,Birman
4308,Birman_37.jpg,3,Birman
4309,Birman_38.jpg,3,Birman
4310,Birman_39.jpg,3,Birman
4311,Birman_3.jpg,3,Birman
4312,Birman_40.jpg,3,Birman
4313,Birman_41.jpg,3,Birman
4314,Birman_42.jpg,3,Birman
4315,Birman_43.jpg,3,Birman
4316,Birman_44.jpg,3,Birman
4317,Birman_45.jpg,3,Birman
4318,Birman_46.jpg,3,Birman
4319,Birman_47.jpg,3,Birman
4320,Birman_48.jpg,3,Birman
4321,Birman_49.jpg,3,Birman
4322,Birman_4.jpg,3,Birman
4323,Birman_50.jpg,3,Birman
4324,Birman_51.jpg,3,Birman
4325,Birman_52.jpg,3,Birman
4326,Birman_53.jpg,3,Birman
4327,Birman_54.jpg,3,Birman
4328,Birman_55.jpg,3,Birman
4329,Birman_56.jpg,3,Birman
4330,Birman_57.jpg,3,Birman
4331,Birman_58.jpg,3,Birman
4332,Birman_59.jpg,3,Birman
4333,Birman_5.jpg,3,Birman
4334,Birman_60.jpg,3,Birman
4335,Birman_61.jpg,3,Birman
4336,Birman_62.jpg,3,Birman
4337,Birman_63.jpg,3,Birman
4338,Birman_64.jpg,3,Birman
4339,Birman_65.jpg,3,Birman
4340,Birman_66.jpg,3,Birman
4341,Birman_67.jpg,3,Birman
4342,Birman_68.jpg,3,Birman
4343,Birman_69.jpg,3,Birman
4344,Birman_6.jpg,3,Birman
4345,Birman_70.jpg,3,Birman
4346,Birman_71.jpg,3,Birman
4347,Birman_72.jpg,3,Birman
4348,Birman_73.jpg,3,Birman
4349,Birman_74.jpg,3,Birman
4350,Birman_75.jpg,3,Birman
4351,Birman_76.jpg,3,Birman
4352,Birman_77.jpg,3,Birman
4353,Birman_78.jpg,3,Birman
4354,Birman_79.jpg,3,Birman
4355,Birman_7.jpg,3,Birman
4356,Birman_80.jpg,3,Birman
4357,Birman_81.jpg,3,Birman
4358,Birman_82.jpg,3,Birman
4359,Birman_83.jpg,3,Birman
4360,Birman_84.jpg,3,Birman
4361,Birman_85.jpg,3,Birman
4362,Birman_86.jpg,3,Birman
4363,Birman_87.jpg,3,Birman
4364,Birman_88.jpg,3,Birman
4365,Birman_89.jpg,3,Birman
4366,Birman_8.jpg,3,Birman
4367,Birman_90.jpg,3,Birman
4368,Birman_91.jpg,3,Birman
4369,Birman_92.jpg,3,Birman
4370,Birman_93.jpg,3,Birman
4371,Birman_94.jpg,3,Birman
4372,Birman_95.jpg,3,Birman
4373,Birman_96.jpg,3,Birman
4374,Birman_97.jpg,3,Birman
4375,Birman_98.jpg,3,Birman
4376,Birman_99.jpg,3,Birman
4377,Birman_9.jpg,3,Birman
4378,Bombay_200.jpg,4,Bombay
4379,Bombay_201.jpg,4,Bombay
4380,Bombay_202.jpg,4,Bombay
4381,Bombay_204.jpg,4,Bombay
4382,Bombay_205.jpg,4,Bombay
4383,Bombay_208.jpg,4,Bombay
4384,Bombay_20.jpg,4,Bombay
4385,Bombay_213.jpg,4,Bombay
4386,Bombay_214.jpg,4,Bombay
4387,Bombay_215.jpg,4,Bombay
4388,Bombay_21.jpg,4,Bombay
4389,Bombay_221.jpg,4,Bombay
4390,Bombay_23.jpg,4,Bombay
4391,Bombay_24.jpg,4,Bombay
4392,Bombay_25.jpg,4,Bombay
4393,Bombay_26.jpg,4,Bombay
4394,Bombay_27.jpg,4,Bombay
4395,Bombay_29.jpg,4,Bombay
4396,Bombay_2.jpg,4,Bombay
4397,Bombay_30.jpg,4,Bombay
4398,Bombay_31.jpg,4,Bombay
4399,Bombay_33.jpg,4,Bombay
4400,Bombay_34.jpg,4,Bombay
4401,Bombay_36.jpg,4,Bombay
4402,Bombay_37.jpg,4,Bombay
4403,Bombay_38.jpg,4,Bombay
4404,Bombay_39.jpg,4,Bombay
4405,Bombay_3.jpg,4,Bombay
4406,Bombay_40.jpg,4,Bombay
4407,Bombay_41.jpg,4,Bombay
4408,Bombay_42.jpg,4,Bombay
4409,Bombay_43.jpg,4,Bombay
4410,Bombay_45.jpg,4,Bombay
4411,Bombay_46.jpg,4,Bombay
4412,Bombay_47.jpg,4,Bombay
4413,Bombay_48.jpg,4,Bombay
4414,Bombay_49.jpg,4,Bombay
4415,Bombay_4.jpg,4,Bombay
4416,Bombay_50.jpg,4,Bombay
4417,Bombay_52.jpg,4,Bombay
4418,Bombay_53.jpg,4,Bombay
4419,Bombay_54.jpg,4,Bombay
4420,Bombay_55.jpg,4,Bombay
4421,Bombay_56.jpg,4,Bombay
4422,Bombay_57.jpg,4,Bombay
4423,Bombay_58.jpg,4,Bombay
4424,Bombay_59.jpg,4,Bombay
4425,Bombay_5.jpg,4,Bombay
4426,Bombay_60.jpg,4,Bombay
4427,Bombay_61.jpg,4,Bombay
4428,Bombay_62.jpg,4,Bombay
4429,Bombay_63.jpg,4,Bombay
4430,Bombay_64.jpg,4,Bombay
4431,Bombay_65.jpg,4,Bombay
4432,Bombay_66.jpg,4,Bombay
4433,Bombay_67.jpg,4,Bombay
4434,Bombay_68.jpg,4,Bombay
4435,Bombay_6.jpg,4,Bombay
4436,Bombay_70.jpg,4,Bombay
4437,Bombay_71.jpg,4,Bombay
4438,Bombay_72.jpg,4,Bombay
4439,Bombay_73.jpg,4,Bombay
4440,Bombay_74.jpg,4,Bombay
4441,Bombay_75.jpg,4,Bombay
4442,Bombay_76.jpg,4,Bombay
4443,Bombay_77.jpg,4,Bombay
4444,Bombay_78.jpg,4,Bombay
4445,Bombay_79.jpg,4,Bombay
4446,Bombay_7.jpg,4,Bombay
4447,Bombay_80.jpg,4,Bombay
4448,Bombay_81.jpg,4,Bombay
4449,Bombay_82.jpg,4,Bombay
4450,Bombay_83.jpg,4,Bombay
4451,Bombay_84.jpg,4,Bombay
4452,Bombay_86.jpg,4,Bombay
4453,Bombay_87.jpg,4,Bombay
4454,Bombay_88.jpg,4,Bombay
4455,Bombay_89.jpg,4,Bombay
4456,Bombay_8.jpg,4,Bombay
4457,Bombay_90.jpg,4,Bombay
4458,Bombay_91.jpg,4,Bombay
4459,Bombay_93.jpg,4,Bombay
4460,Bombay_94.jpg,4,Bombay
4461,Bombay_95.jpg,4,Bombay
4462,Bombay_96.jpg,4,Bombay
4463,Bombay_97.jpg,4,Bombay
4464,Bombay_98.jpg,4,Bombay
4465,Bombay_9.jpg,4,Bombay
4565,British_Shorthair_212.jpg,5,British
4566,British_Shorthair_213.jpg,5,British
4567,British_Shorthair_218.jpg,5,British
4568,British_Shorthair_21.jpg,5,British
4569,British_Shorthair_223.jpg,5,British
4570,British_Shorthair_22.jpg,5,British
4571,British_Shorthair_230.jpg,5,British
4572,British_Shorthair_239.jpg,5,British
4573,British_Shorthair_241.jpg,5,British
4574,British_Shorthair_248.jpg,5,British
4575,British_Shorthair_258.jpg,5,British
4576,British_Shorthair_25.jpg,5,British
4577,British_Shorthair_263.jpg,5,British
4578,British_Shorthair_265.jpg,5,British
4579,British_Shorthair_266.jpg,5,British
4580,British_Shorthair_267.jpg,5,British
4581,British_Shorthair_268.jpg,5,British
4582,British_Shorthair_269.jpg,5,British
4583,British_Shorthair_26.jpg,5,British
4584,British_Shorthair_270.jpg,5,British
4585,British_Shorthair_271.jpg,5,British
4586,British_Shorthair_272.jpg,5,British
4587,British_Shorthair_273.jpg,5,British
4588,British_Shorthair_274.jpg,5,British
4589,British_Shorthair_275.jpg,5,British
4590,British_Shorthair_276.jpg,5,British
4591,British_Shorthair_277.jpg,5,British
4592,British_Shorthair_278.jpg,5,British
4593,British_Shorthair_27.jpg,5,British
4594,British_Shorthair_28.jpg,5,British
4595,British_Shorthair_29.jpg,5,British
4596,British_Shorthair_2.jpg,5,British
4597,British_Shorthair_30.jpg,5,British
4598,British_Shorthair_31.jpg,5,British
4599,British_Shorthair_32.jpg,5,British
4600,British_Shorthair_33.jpg,5,British
4601,British_Shorthair_34.jpg,5,British
4602,British_Shorthair_36.jpg,5,British
4603,British_Shorthair_37.jpg,5,British
4604,British_Shorthair_38.jpg,5,British
4605,British_Shorthair_39.jpg,5,British
4606,British_Shorthair_3.jpg,5,British
4607,British_Shorthair_40.jpg,5,British
4608,British_Shorthair_41.jpg,5,British
4609,British_Shorthair_42.jpg,5,British
4610,British_Shorthair_43.jpg,5,British
4611,British_Shorthair_44.jpg,5,British
4612,British_Shorthair_45.jpg,5,British
4613,British_Shorthair_46.jpg,5,British
4614,British_Shorthair_47.jpg,5,British
4615,British_Shorthair_48.jpg,5,British
4616,British_Shorthair_49.jpg,5,British
4617,British_Shorthair_50.jpg,5,British
4618,British_Shorthair_51.jpg,5,British
4619,British_Shorthair_52.jpg,5,British
4620,British_Shorthair_53.jpg,5,British
4621,British_Shorthair_54.jpg,5,British
4622,British_Shorthair_55.jpg,5,British
4623,British_Shorthair_56.jpg,5,British
4624,British_Shorthair_57.jpg,5,British
4625,British_Shorthair_58.jpg,5,British
4626,British_Shorthair_59.jpg,5,British
4627,British_Shorthair_60.jpg,5,British
4628,British_Shorthair_61.jpg,5,British
4629,British_Shorthair_62.jpg,5,British
4630,British_Shorthair_63.jpg,5,British
4631,British_Shorthair_64.jpg,5,British
4632,British_Shorthair_65.jpg,5,British
4633,British_Shorthair_66.jpg,5,British
4634,British_Shorthair_67.jpg,5,British
4635,British_Shorthair_68.jpg,5,British
4636,British_Shorthair_6.jpg,5,British
4637,British_Shorthair_70.jpg,5,British
4638,British_Shorthair_71.jpg,5,British
4639,British_Shorthair_72.jpg,5,British
4640,British_Shorthair_74.jpg,5,British
4641,British_Shorthair_75.jpg,5,British
4642,British_Shorthair_77.jpg,5,British
4643,British_Shorthair_78.jpg,5,British
4644,British_Shorthair_79.jpg,5,British
4645,British_Shorthair_82.jpg,5,British
4646,British_Shorthair_83.jpg,5,British
4647,British_Shorthair_84.jpg,5,British
4648,British_Shorthair_85.jpg,5,British
4649,British_Shorthair_86.jpg,5,British
4650,British_Shorthair_87.jpg,5,British
4651,British_Shorthair_88.jpg,5,British
4652,British_Shorthair_89.jpg,5,British
4653,British_Shorthair_8.jpg,5,British
4654,British_Shorthair_90.jpg,5,British
4655,British_Shorthair_91.jpg,5,British
4656,British_Shorthair_92.jpg,5,British
4657,British_Shorthair_93.jpg,5,British
4658,British_Shorthair_94.jpg,5,British
4659,British_Shorthair_95.jpg,5,British
4660,British_Shorthair_96.jpg,5,British
4661,British_Shorthair_97.jpg,5,British
4662,British_Shorthair_98.jpg,5,British
4663,British_Shorthair_99.jpg,5,British
4664,British_Shorthair_9.jpg,5,British
4765,Egyptian_Mau_198.jpg,6,Egyptian
4766,Egyptian_Mau_199.jpg,6,Egyptian
4767,Egyptian_Mau_19.jpg,6,Egyptian
4768,Egyptian_Mau_1.jpg,6,Egyptian
4769,Egyptian_Mau_201.jpg,6,Egyptian
4770,Egyptian_Mau_204.jpg,6,Egyptian
4771,Egyptian_Mau_207.jpg,6,Egyptian
4772,Egyptian_Mau_209.jpg,6,Egyptian
4773,Egyptian_Mau_20.jpg,6,Egyptian
4774,Egyptian_Mau_210.jpg,6,Egyptian
4775,Egyptian_Mau_212.jpg,6,Egyptian
4776,Egyptian_Mau_213.jpg,6,Egyptian
4777,Egyptian_Mau_214.jpg,6,Egyptian
4778,Egyptian_Mau_215.jpg,6,Egyptian
4779,Egyptian_Mau_218.jpg,6,Egyptian
4780,Egyptian_Mau_219.jpg,6,Egyptian
4781,Egyptian_Mau_21.jpg,6,Egyptian
4782,Egyptian_Mau_220.jpg,6,Egyptian
4783,Egyptian_Mau_221.jpg,6,Egyptian
4784,Egyptian_Mau_222.jpg,6,Egyptian
4785,Egyptian_Mau_223.jpg,6,Egyptian
4786,Egyptian_Mau_224.jpg,6,Egyptian
4787,Egyptian_Mau_22.jpg,6,Egyptian
4788,Egyptian_Mau_23.jpg,6,Egyptian
4789,Egyptian_Mau_25.jpg,6,Egyptian
4790,Egyptian_Mau_26.jpg,6,Egyptian
4791,Egyptian_Mau_27.jpg,6,Egyptian
4792,Egyptian_Mau_28.jpg,6,Egyptian
4793,Egyptian_Mau_29.jpg,6,Egyptian
4794,Egyptian_Mau_2.jpg,6,Egyptian
4795,Egyptian_Mau_30.jpg,6,Egyptian
4796,Egyptian_Mau_31.jpg,6,Egyptian
4797,Egyptian_Mau_33.jpg,6,Egyptian
4798,Egyptian_Mau_34.jpg,6,Egyptian
4799,Egyptian_Mau_35.jpg,6,Egyptian
4800,Egyptian_Mau_36.jpg,6,Egyptian
4801,Egyptian_Mau_39.jpg,6,Egyptian
4802,Egyptian_Mau_3.jpg,6,Egyptian
4803,Egyptian_Mau_40.jpg,6,Egyptian
4804,Egyptian_Mau_42.jpg,6,Egyptian
4805,Egyptian_Mau_43.jpg,6,Egyptian
4806,Egyptian_Mau_44.jpg,6,Egyptian
4807,Egyptian_Mau_45.jpg,6,Egyptian
4808,Egyptian_Mau_46.jpg,6,Egyptian
4809,Egyptian_Mau_47.jpg,6,Egyptian
4810,Egyptian_Mau_48.jpg,6,Egyptian
4811,Egyptian_Mau_49.jpg,6,Egyptian
4812,Egyptian_Mau_4.jpg,6,Egyptian
4813,Egyptian_Mau_50.jpg,6,Egyptian
4814,Egyptian_Mau_51.jpg,6,Egyptian
4815,Egyptian_Mau_52.jpg,6,Egyptian
4816,Egyptian_Mau_53.jpg,6,Egyptian
4817,Egyptian_Mau_54.jpg,6,Egyptian
4818,Egyptian_Mau_56.jpg,6,Egyptian
4819,Egyptian_Mau_57.jpg,6,Egyptian
4820,Egyptian_Mau_58.jpg,6,Egyptian
4821,Egyptian_Mau_59.jpg,6,Egyptian
4822,Egyptian_Mau_5.jpg,6,Egyptian
4823,Egyptian_Mau_60.jpg,6,Egyptian
4824,Egyptian_Mau_61.jpg,6,Egyptian
4825,Egyptian_Mau_62.jpg,6,Egyptian
4826,Egyptian_Mau_63.jpg,6,Egyptian
4827,Egyptian_Mau_67.jpg,6,Egyptian
4828,Egyptian_Mau_68.jpg,6,Egyptian
4829,Egyptian_Mau_69.jpg,6,Egyptian
4830,Egyptian_Mau_6.jpg,6,Egyptian
4831,Egyptian_Mau_70.jpg,6,Egyptian
4832,Egyptian_Mau_73.jpg,6,Egyptian
4833,Egyptian_Mau_74.jpg,6,Egyptian
4834,Egyptian_Mau_75.jpg,6,Egyptian
4835,Egyptian_Mau_76.jpg,6,Egyptian
4836,Egyptian_Mau_77.jpg,6,Egyptian
4837,Egyptian_Mau_78.jpg,6,Egyptian
4838,Egyptian_Mau_79.jpg,6,Egyptian
4839,Egyptian_Mau_7.jpg,6,Egyptian
4840,Egyptian_Mau_80.jpg,6,Egyptian
4841,Egyptian_Mau_81.jpg,6,Egyptian
4842,Egyptian_Mau_82.jpg,6,Egyptian
4843,Egyptian_Mau_83.jpg,6,Egyptian
4844,Egyptian_Mau_84.jpg,6,Egyptian
4845,Egyptian_Mau_85.jpg,6,Egyptian
4846,Egyptian_Mau_86.jpg,6,Egyptian
4847,Egyptian_Mau_87.jpg,6,Egyptian
4848,Egyptian_Mau_88.jpg,6,Egyptian
4849,Egyptian_Mau_89.jpg,6,Egyptian
4850,Egyptian_Mau_8.jpg,6,Egyptian
4851,Egyptian_Mau_90.jpg,6,Egyptian
4852,Egyptian_Mau_91.jpg,6,Egyptian
4853,Egyptian_Mau_92.jpg,6,Egyptian
4854,Egyptian_Mau_93.jpg,6,Egyptian
4855,Egyptian_Mau_94.jpg,6,Egyptian
4856,Egyptian_Mau_95.jpg,6,Egyptian
4857,Egyptian_Mau_96.jpg,6,Egyptian
4858,Egyptian_Mau_97.jpg,6,Egyptian
4859,Egyptian_Mau_98.jpg,6,Egyptian
4860,Egyptian_Mau_99.jpg,6,Egyptian
4861,Egyptian_Mau_9.jpg,6,Egyptian
5661,Maine_Coon_21.jpg,7,Maine
5662,Maine_Coon_222.jpg,7,Maine
5663,Maine_Coon_227.jpg,7,Maine
5664,Maine_Coon_231.jpg,7,Maine
5665,Maine_Coon_238.jpg,7,Maine
5666,Maine_Coon_239.jpg,7,Maine
5667,Maine_Coon_23.jpg,7,Maine
5668,Maine_Coon_241.jpg,7,Maine
5669,Maine_Coon_242.jpg,7,Maine
5670,Maine_Coon_244.jpg,7,Maine
5671,Maine_Coon_245.jpg,7,Maine
5672,Maine_Coon_246.jpg,7,Maine
5673,Maine_Coon_247.jpg,7,Maine
5674,Maine_Coon_249.jpg,7,Maine
5675,Maine_Coon_24.jpg,7,Maine
5676,Maine_Coon_253.jpg,7,Maine
5677,Maine_Coon_254.jpg,7,Maine
5678,Maine_Coon_25.jpg,7,Maine
5679,Maine_Coon_262.jpg,7,Maine
5680,Maine_Coon_263.jpg,7,Maine
5681,Maine_Coon_264.jpg,7,Maine
5682,Maine_Coon_265.jpg,7,Maine
5683,Maine_Coon_266.jpg,7,Maine
5684,Maine_Coon_267.jpg,7,Maine
5685,Maine_Coon_268.jpg,7,Maine
5686,Maine_Coon_269.jpg,7,Maine
5687,Maine_Coon_26.jpg,7,Maine
5688,Maine_Coon_270.jpg,7,Maine
5689,Maine_Coon_271.jpg,7,Maine
5690,Maine_Coon_272.jpg,7,Maine
5691,Maine_Coon_27.jpg,7,Maine
5692,Maine_Coon_28.jpg,7,Maine
5693,Maine_Coon_29.jpg,7,Maine
5694,Maine_Coon_2.jpg,7,Maine
5695,Maine_Coon_30.jpg,7,Maine
5696,Maine_Coon_31.jpg,7,Maine
5697,Maine_Coon_32.jpg,7,Maine
5698,Maine_Coon_33.jpg,7,Maine
5699,Maine_Coon_34.jpg,7,Maine
5700,Maine_Coon_35.jpg,7,Maine
5701,Maine_Coon_36.jpg,7,Maine
5702,Maine_Coon_37.jpg,7,Maine
5703,Maine_Coon_38.jpg,7,Maine
5704,Maine_Coon_39.jpg,7,Maine
5705,Maine_Coon_3.jpg,7,Maine
5706,Maine_Coon_41.jpg,7,Maine
5707,Maine_Coon_42.jpg,7,Maine
5708,Maine_Coon_43.jpg,7,Maine
5709,Maine_Coon_44.jpg,7,Maine
5710,Maine_Coon_46.jpg,7,Maine
5711,Maine_Coon_47.jpg,7,Maine
5712,Maine_Coon_48.jpg,7,Maine
5713,Maine_Coon_49.jpg,7,Maine
5714,Maine_Coon_50.jpg,7,Maine
5715,Maine_Coon_51.jpg,7,Maine
5716,Maine_Coon_52.jpg,7,Maine
5717,Maine_Coon_53.jpg,7,Maine
5718,Maine_Coon_54.jpg,7,Maine
5719,Maine_Coon_55.jpg,7,Maine
5720,Maine_Coon_56.jpg,7,Maine
5721,Maine_Coon_57.jpg,7,Maine
5722,Maine_Coon_58.jpg,7,Maine
5723,Maine_Coon_5.jpg,7,Maine
5724,Maine_Coon_60.jpg,7,Maine
5725,Maine_Coon_61.jpg,7,Maine
5726,Maine_Coon_63.jpg,7,Maine
5727,Maine_Coon_64.jpg,7,Maine
5728,Maine_Coon_66.jpg,7,Maine
5729,Maine_Coon_67.jpg,7,Maine
5730,Maine_Coon_68.jpg,7,Maine
5731,Maine_Coon_69.jpg,7,Maine
5732,Maine_Coon_6.jpg,7,Maine
5733,Maine_Coon_70.jpg,7,Maine
5734,Maine_Coon_71.jpg,7,Maine
5735,Maine_Coon_72.jpg,7,Maine
5736,Maine_Coon_75.jpg,7,Maine
5737,Maine_Coon_76.jpg,7,Maine
5738,Maine_Coon_77.jpg,7,Maine
5739,Maine_Coon_78.jpg,7,Maine
5740,Maine_Coon_79.jpg,7,Maine
5741,Maine_Coon_7.jpg,7,Maine
5742,Maine_Coon_80.jpg,7,Maine
5743,Maine_Coon_81.jpg,7,Maine
5744,Maine_Coon_82.jpg,7,Maine
5745,Maine_Coon_83.jpg,7,Maine
5746,Maine_Coon_84.jpg,7,Maine
5747,Maine_Coon_85.jpg,7,Maine
5748,Maine_Coon_87.jpg,7,Maine
5749,Maine_Coon_89.jpg,7,Maine
5750,Maine_Coon_8.jpg,7,Maine
5751,Maine_Coon_91.jpg,7,Maine
5752,Maine_Coon_92.jpg,7,Maine
5753,Maine_Coon_93.jpg,7,Maine
5754,Maine_Coon_94.jpg,7,Maine
5755,Maine_Coon_95.jpg,7,Maine
5756,Maine_Coon_96.jpg,7,Maine
5757,Maine_Coon_97.jpg,7,Maine
5758,Maine_Coon_98.jpg,7,Maine
5759,Maine_Coon_99.jpg,7,Maine
5760,Maine_Coon_9.jpg,7,Maine
5961,Persian_21.jpg,8,Persian
5962,Persian_221.jpg,8,Persian
5963,Persian_224.jpg,8,Persian
5964,Persian_228.jpg,8,Persian
5965,Persian_22.jpg,8,Persian
5966,Persian_233.jpg,8,Persian
5967,Persian_239.jpg,8,Persian
5968,Persian_255.jpg,8,Persian
5969,Persian_256.jpg,8,Persian
5970,Persian_257.jpg,8,Persian
5971,Persian_258.jpg,8,Persian
5972,Persian_259.jpg,8,Persian
5973,Persian_25.jpg,8,Persian
5974,Persian_260.jpg,8,Persian
5975,Persian_261.jpg,8,Persian
5976,Persian_262.jpg,8,Persian
5977,Persian_263.jpg,8,Persian
5978,Persian_264.jpg,8,Persian
5979,Persian_265.jpg,8,Persian
5980,Persian_266.jpg,8,Persian
5981,Persian_267.jpg,8,Persian
5982,Persian_268.jpg,8,Persian
5983,Persian_269.jpg,8,Persian
5984,Persian_26.jpg,8,Persian
5985,Persian_270.jpg,8,Persian
5986,Persian_271.jpg,8,Persian
5987,Persian_272.jpg,8,Persian
5988,Persian_273.jpg,8,Persian
5989,Persian_27.jpg,8,Persian
5990,Persian_28.jpg,8,Persian
5991,Persian_29.jpg,8,Persian
5992,Persian_2.jpg,8,Persian
5993,Persian_30.jpg,8,Persian
5994,Persian_31.jpg,8,Persian
5995,Persian_32.jpg,8,Persian
5996,Persian_34.jpg,8,Persian
5997,Persian_36.jpg,8,Persian
5998,Persian_37.jpg,8,Persian
5999,Persian_38.jpg,8,Persian
6000,Persian_39.jpg,8,Persian
6001,Persian_3.jpg,8,Persian
6002,Persian_40.jpg,8,Persian
6003,Persian_41.jpg,8,Persian
6004,Persian_42.jpg,8,Persian
6005,Persian_43.jpg,8,Persian
6006,Persian_44.jpg,8,Persian
6007,Persian_45.jpg,8,Persian
6008,Persian_46.jpg,8,Persian
6009,Persian_47.jpg,8,Persian
6010,Persian_49.jpg,8,Persian
6011,Persian_4.jpg,8,Persian
6012,Persian_51.jpg,8,Persian
6013,Persian_52.jpg,8,Persian
6014,Persian_53.jpg,8,Persian
6015,Persian_54.jpg,8,Persian
6016,Persian_55.jpg,8,Persian
6017,Persian_56.jpg,8,Persian
6018,Persian_58.jpg,8,Persian
6019,Persian_59.jpg,8,Persian
6020,Persian_5.jpg,8,Persian
6021,Persian_60.jpg,8,Persian
6022,Persian_61.jpg,8,Persian
6023,Persian_62.jpg,8,Persian
6024,Persian_63.jpg,8,Persian
6025,Persian_64.jpg,8,Persian
6026,Persian_65.jpg,8,Persian
6027,Persian_66.jpg,8,Persian
6028,Persian_67.jpg,8,Persian
6029,Persian_68.jpg,8,Persian
6030,Persian_69.jpg,8,Persian
6031,Persian_6.jpg,8,Persian
6032,Persian_70.jpg,8,Persian
6033,Persian_71.jpg,8,Persian
6034,Persian_72.jpg,8,Persian
6035,Persian_74.jpg,8,Persian
6036,Persian_75.jpg,8,Persian
6037,Persian_76.jpg,8,Persian
6038,Persian_77.jpg,8,Persian
6039,Persian_78.jpg,8,Persian
6040,Persian_79.jpg,8,Persian
6041,Persian_7.jpg,8,Persian
6042,Persian_80.jpg,8,Persian
6043,Persian_81.jpg,8,Persian
6044,Persian_82.jpg,8,Persian
6045,Persian_83.jpg,8,Persian
6046,Persian_84.jpg,8,Persian
6047,Persian_85.jpg,8,Persian
6048,Persian_86.jpg,8,Persian
6049,Persian_87.jpg,8,Persian
6050,Persian_88.jpg,8,Persian
6051,Persian_89.jpg,8,Persian
6052,Persian_8.jpg,8,Persian
6053,Persian_90.jpg,8,Persian
6054,Persian_91.jpg,8,Persian
6055,Persian_94.jpg,8,Persian
6056,Persian_95.jpg,8,Persian
6057,Persian_97.jpg,8,Persian
6058,Persian_98.jpg,8,Persian
6059,Persian_99.jpg,8,Persian
6060,Persian_9.jpg,8,Persian
6261,Ragdoll_203.jpg,9,Ragdoll
6262,Ragdoll_204.jpg,9,Ragdoll
6263,Ragdoll_205.jpg,9,Ragdoll
6264,Ragdoll_208.jpg,9,Ragdoll
6265,Ragdoll_20.jpg,9,Ragdoll
6266,Ragdoll_210.jpg,9,Ragdoll
6267,Ragdoll_219.jpg,9,Ragdoll
6268,Ragdoll_224.jpg,9,Ragdoll
6269,Ragdoll_227.jpg,9,Ragdoll
6270,Ragdoll_228.jpg,9,Ragdoll
6271,Ragdoll_234.jpg,9,Ragdoll
6272,Ragdoll_235.jpg,9,Ragdoll
6273,Ragdoll_245.jpg,9,Ragdoll
6274,Ragdoll_24.jpg,9,Ragdoll
6275,Ragdoll_250.jpg,9,Ragdoll
6276,Ragdoll_252.jpg,9,Ragdoll
6277,Ragdoll_254.jpg,9,Ragdoll
6278,Ragdoll_255.jpg,9,Ragdoll
6279,Ragdoll_257.jpg,9,Ragdoll
6280,Ragdoll_258.jpg,9,Ragdoll
6281,Ragdoll_259.jpg,9,Ragdoll
6282,Ragdoll_25.jpg,9,Ragdoll
6283,Ragdoll_260.jpg,9,Ragdoll
6284,Ragdoll_261.jpg,9,Ragdoll
6285,Ragdoll_262.jpg,9,Ragdoll
6286,Ragdoll_263.jpg,9,Ragdoll
6287,Ragdoll_264.jpg,9,Ragdoll
6288,Ragdoll_265.jpg,9,Ragdoll
6289,Ragdoll_26.jpg,9,Ragdoll
6290,Ragdoll_27.jpg,9,Ragdoll
6291,Ragdoll_29.jpg,9,Ragdoll
6292,Ragdoll_2.jpg,9,Ragdoll
6293,Ragdoll_30.jpg,9,Ragdoll
6294,Ragdoll_31.jpg,9,Ragdoll
6295,Ragdoll_32.jpg,9,Ragdoll
6296,Ragdoll_33.jpg,9,Ragdoll
6297,Ragdoll_34.jpg,9,Ragdoll
6298,Ragdoll_35.jpg,9,Ragdoll
6299,Ragdoll_36.jpg,9,Ragdoll
6300,Ragdoll_37.jpg,9,Ragdoll
6301,Ragdoll_3.jpg,9,Ragdoll
6302,Ragdoll_40.jpg,9,Ragdoll
6303,Ragdoll_41.jpg,9,Ragdoll
6304,Ragdoll_42.jpg,9,Ragdoll
6305,Ragdoll_43.jpg,9,Ragdoll
6306,Ragdoll_44.jpg,9,Ragdoll
6307,Ragdoll_45.jpg,9,Ragdoll
6308,Ragdoll_47.jpg,9,Ragdoll
6309,Ragdoll_48.jpg,9,Ragdoll
6310,Ragdoll_49.jpg,9,Ragdoll
6311,Ragdoll_4.jpg,9,Ragdoll
6312,Ragdoll_51.jpg,9,Ragdoll
6313,Ragdoll_52.jpg,9,Ragdoll
6314,Ragdoll_53.jpg,9,Ragdoll
6315,Ragdoll_54.jpg,9,Ragdoll
6316,Ragdoll_56.jpg,9,Ragdoll
6317,Ragdoll_57.jpg,9,Ragdoll
6318,Ragdoll_58.jpg,9,Ragdoll
6319,Ragdoll_59.jpg,9,Ragdoll
6320,Ragdoll_5.jpg,9,Ragdoll
6321,Ragdoll_60.jpg,9,Ragdoll
6322,Ragdoll_62.jpg,9,Ragdoll
6323,Ragdoll_63.jpg,9,Ragdoll
6324,Ragdoll_64.jpg,9,Ragdoll
6325,Ragdoll_67.jpg,9,Ragdoll
6326,Ragdoll_68.jpg,9,Ragdoll
6327,Ragdoll_69.jpg,9,Ragdoll
6328,Ragdoll_6.jpg,9,Ragdoll
6329,Ragdoll_71.jpg,9,Ragdoll
6330,Ragdoll_72.jpg,9,Ragdoll
6331,Ragdoll_73.jpg,9,Ragdoll
6332,Ragdoll_74.jpg,9,Ragdoll
6333,Ragdoll_75.jpg,9,Ragdoll
6334,Ragdoll_76.jpg,9,Ragdoll
6335,Ragdoll_77.jpg,9,Ragdoll
6336,Ragdoll_78.jpg,9,Ragdoll
6337,Ragdoll_79.jpg,9,Ragdoll
6338,Ragdoll_7.jpg,9,Ragdoll
6339,Ragdoll_80.jpg,9,Ragdoll
6340,Ragdoll_81.jpg,9,Ragdoll
6341,Ragdoll_82.jpg,9,Ragdoll
6342,Ragdoll_83.jpg,9,Ragdoll
6343,Ragdoll_84.jpg,9,Ragdoll
6344,Ragdoll_85.jpg,9,Ragdoll
6345,Ragdoll_86.jpg,9,Ragdoll
6346,Ragdoll_87.jpg,9,Ragdoll
6347,Ragdoll_88.jpg,9,Ragdoll
6348,Ragdoll_89.jpg,9,Ragdoll
6349,Ragdoll_8.jpg,9,Ragdoll
6350,Ragdoll_90.jpg,9,Ragdoll
6351,Ragdoll_91.jpg,9,Ragdoll
6352,Ragdoll_92.jpg,9,Ragdoll
6353,Ragdoll_93.jpg,9,Ragdoll
6354,Ragdoll_94.jpg,9,Ragdoll
6355,Ragdoll_95.jpg,9,Ragdoll
6356,Ragdoll_96.jpg,9,Ragdoll
6357,Ragdoll_97.jpg,9,Ragdoll
6358,Ragdoll_98.jpg,9,Ragdoll
6359,Ragdoll_99.jpg,9,Ragdoll
6360,Ragdoll_9.jpg,9,Ragdoll
6361,Russian_Blue_201.jpg,10,Russian
6362,Russian_Blue_202.jpg,10,Russian
6363,Russian_Blue_203.jpg,10,Russian
6364,Russian_Blue_204.jpg,10,Russian
6365,Russian_Blue_205.jpg,10,Russian
6366,Russian_Blue_206.jpg,10,Russian
6367,Russian_Blue_207.jpg,10,Russian
6368,Russian_Blue_208.jpg,10,Russian
6369,Russian_Blue_209.jpg,10,Russian
6370,Russian_Blue_20.jpg,10,Russian
6371,Russian_Blue_211.jpg,10,Russian
6372,Russian_Blue_212.jpg,10,Russian
6373,Russian_Blue_215.jpg,10,Russian
6374,Russian_Blue_216.jpg,10,Russian
6375,Russian_Blue_21.jpg,10,Russian
6376,Russian_Blue_220.jpg,10,Russian
6377,Russian_Blue_221.jpg,10,Russian
6378,Russian_Blue_222.jpg,10,Russian
6379,Russian_Blue_226.jpg,10,Russian
6380,Russian_Blue_228.jpg,10,Russian
6381,Russian_Blue_232.jpg,10,Russian
6382,Russian_Blue_236.jpg,10,Russian
6383,Russian_Blue_237.jpg,10,Russian
6384,Russian_Blue_239.jpg,10,Russian
6385,Russian_Blue_240.jpg,10,Russian
6386,Russian_Blue_242.jpg,10,Russian
6387,Russian_Blue_244.jpg,10,Russian
6388,Russian_Blue_24.jpg,10,Russian
6389,Russian_Blue_253.jpg,10,Russian
6390,Russian_Blue_258.jpg,10,Russian
6391,Russian_Blue_262.jpg,10,Russian
6392,Russian_Blue_263.jpg,10,Russian
6393,Russian_Blue_264.jpg,10,Russian
6394,Russian_Blue_27.jpg,10,Russian
6395,Russian_Blue_28.jpg,10,Russian
6396,Russian_Blue_29.jpg,10,Russian
6397,Russian_Blue_30.jpg,10,Russian
6398,Russian_Blue_31.jpg,10,Russian
6399,Russian_Blue_32.jpg,10,Russian
6400,Russian_Blue_33.jpg,10,Russian
6401,Russian_Blue_34.jpg,10,Russian
6402,Russian_Blue_35.jpg,10,Russian
6403,Russian_Blue_36.jpg,10,Russian
6404,Russian_Blue_38.jpg,10,Russian
6405,Russian_Blue_40.jpg,10,Russian
6406,Russian_Blue_41.jpg,10,Russian
6407,Russian_Blue_43.jpg,10,Russian
6408,Russian_Blue_44.jpg,10,Russian
6409,Russian_Blue_45.jpg,10,Russian
6410,Russian_Blue_47.jpg,10,Russian
6411,Russian_Blue_48.jpg,10,Russian
6412,Russian_Blue_49.jpg,10,Russian
6413,Russian_Blue_50.jpg,10,Russian
6414,Russian_Blue_51.jpg,10,Russian
6415,Russian_Blue_53.jpg,10,Russian
6416,Russian_Blue_54.jpg,10,Russian
6417,Russian_Blue_55.jpg,10,Russian
6418,Russian_Blue_57.jpg,10,Russian
6419,Russian_Blue_59.jpg,10,Russian
6420,Russian_Blue_60.jpg,10,Russian
6421,Russian_Blue_61.jpg,10,Russian
6422,Russian_Blue_62.jpg,10,Russian
6423,Russian_Blue_63.jpg,10,Russian
6424,Russian_Blue_64.jpg,10,Russian
6425,Russian_Blue_66.jpg,10,Russian
6426,Russian_Blue_67.jpg,10,Russian
6427,Russian_Blue_68.jpg,10,Russian
6428,Russian_Blue_69.jpg,10,Russian
6429,Russian_Blue_70.jpg,10,Russian
6430,Russian_Blue_71.jpg,10,Russian
6431,Russian_Blue_72.jpg,10,Russian
6432,Russian_Blue_73.jpg,10,Russian
6433,Russian_Blue_74.jpg,10,Russian
6434,Russian_Blue_75.jpg,10,Russian
6435,Russian_Blue_76.jpg,10,Russian
6436,Russian_Blue_77.jpg,10,Russian
6437,Russian_Blue_78.jpg,10,Russian
6438,Russian_Blue_79.jpg,10,Russian
6439,Russian_Blue_80.jpg,10,Russian
6440,Russian_Blue_81.jpg,10,Russian
6441,Russian_Blue_82.jpg,10,Russian
6442,Russian_Blue_83.jpg,10,Russian
6443,Russian_Blue_84.jpg,10,Russian
6444,Russian_Blue_85.jpg,10,Russian
6445,Russian_Blue_86.jpg,10,Russian
6446,Russian_Blue_87.jpg,10,Russian
6447,Russian_Blue_88.jpg,10,Russian
6448,Russian_Blue_89.jpg,10,Russian
6449,Russian_Blue_8.jpg,10,Russian
6450,Russian_Blue_90.jpg,10,Russian
6451,Russian_Blue_91.jpg,10,Russian
6452,Russian_Blue_92.jpg,10,Russian
6453,Russian_Blue_93.jpg,10,Russian
6454,Russian_Blue_94.jpg,10,Russian
6455,Russian_Blue_95.jpg,10,Russian
6456,Russian_Blue_96.jpg,10,Russian
6457,Russian_Blue_97.jpg,10,Russian
6458,Russian_Blue_98.jpg,10,Russian
6459,Russian_Blue_99.jpg,10,Russian
6460,Russian_Blue_9.jpg,10,Russian
6860,Siamese_209.jpg,11,Siamese
6861,Siamese_20.jpg,11,Siamese
6862,Siamese_210.jpg,11,Siamese
6863,Siamese_216.jpg,11,Siamese
6864,Siamese_218.jpg,11,Siamese
6865,Siamese_21.jpg,11,Siamese
6866,Siamese_222.jpg,11,Siamese
6867,Siamese_224.jpg,11,Siamese
6868,Siamese_225.jpg,11,Siamese
6869,Siamese_227.jpg,11,Siamese
6870,Siamese_228.jpg,11,Siamese
6871,Siamese_22.jpg,11,Siamese
6872,Siamese_231.jpg,11,Siamese
6873,Siamese_232.jpg,11,Siamese
6874,Siamese_233.jpg,11,Siamese
6875,Siamese_234.jpg,11,Siamese
6876,Siamese_237.jpg,11,Siamese
6877,Siamese_238.jpg,11,Siamese
6878,Siamese_23.jpg,11,Siamese
6879,Siamese_240.jpg,11,Siamese
6880,Siamese_247.jpg,11,Siamese
6881,Siamese_249.jpg,11,Siamese
6882,Siamese_24.jpg,11,Siamese
6883,Siamese_250.jpg,11,Siamese
6884,Siamese_254.jpg,11,Siamese
6885,Siamese_257.jpg,11,Siamese
6886,Siamese_25.jpg,11,Siamese
6887,Siamese_26.jpg,11,Siamese
6888,Siamese_27.jpg,11,Siamese
6889,Siamese_28.jpg,11,Siamese
6890,Siamese_29.jpg,11,Siamese
6891,Siamese_30.jpg,11,Siamese
6892,Siamese_31.jpg,11,Siamese
6893,Siamese_32.jpg,11,Siamese
6894,Siamese_33.jpg,11,Siamese
6895,Siamese_34.jpg,11,Siamese
6896,Siamese_35.jpg,11,Siamese
6897,Siamese_36.jpg,11,Siamese
6898,Siamese_37.jpg,11,Siamese
6899,Siamese_39.jpg,11,Siamese
6900,Siamese_40.jpg,11,Siamese
6901,Siamese_41.jpg,11,Siamese
6902,Siamese_42.jpg,11,Siamese
6903,Siamese_43.jpg,11,Siamese
6904,Siamese_44.jpg,11,Siamese
6905,Siamese_46.jpg,11,Siamese
6906,Siamese_47.jpg,11,Siamese
6907,Siamese_48.jpg,11,Siamese
6908,Siamese_49.jpg,11,Siamese
6909,Siamese_50.jpg,11,Siamese
6910,Siamese_51.jpg,11,Siamese
6911,Siamese_52.jpg,11,Siamese
6912,Siamese_53.jpg,11,Siamese
6913,Siamese_54.jpg,11,Siamese
6914,Siamese_55.jpg,11,Siamese
6915,Siamese_56.jpg,11,Siamese
6916,Siamese_57.jpg,11,Siamese
6917,Siamese_58.jpg,11,Siamese
6918,Siamese_59.jpg,11,Siamese
6919,Siamese_5.jpg,11,Siamese
6920,Siamese_60.jpg,11,Siamese
6921,Siamese_61.jpg,11,Siamese
6922,Siamese_63.jpg,11,Siamese
6923,Siamese_64.jpg,11,Siamese
6924,Siamese_65.jpg,11,Siamese
6925,Siamese_66.jpg,11,Siamese
6926,Siamese_67.jpg,11,Siamese
6927,Siamese_69.jpg,11,Siamese
6928,Siamese_6.jpg,11,Siamese
6929,Siamese_70.jpg,11,Siamese
6930,Siamese_71.jpg,11,Siamese
6931,Siamese_72.jpg,11,Siamese
6932,Siamese_73.jpg,11,Siamese
6933,Siamese_74.jpg,11,Siamese
6934,Siamese_75.jpg,11,Siamese
6935,Siamese_76.jpg,11,Siamese
6936,Siamese_77.jpg,11,Siamese
6937,Siamese_78.jpg,11,Siamese
6938,Siamese_79.jpg,11,Siamese
6939,Siamese_80.jpg,11,Siamese
6940,Siamese_81.jpg,11,Siamese
6941,Siamese_82.jpg,11,Siamese
6942,Siamese_83.jpg,11,Siamese
6943,Siamese_84.jpg,11,Siamese
6944,Siamese_85.jpg,11,Siamese
6945,Siamese_86.jpg,11,Siamese
6946,Siamese_87.jpg,11,Siamese
6947,Siamese_88.jpg,11,Siamese
6948,Siamese_89.jpg,11,Siamese
6949,Siamese_90.jpg,11,Siamese
6950,Siamese_91.jpg,11,Siamese
6951,Siamese_92.jpg,11,Siamese
6952,Siamese_93.jpg,11,Siamese
6953,Siamese_94.jpg,11,Siamese
6954,Siamese_95.jpg,11,Siamese
6955,Siamese_96.jpg,11,Siamese
6956,Siamese_97.jpg,11,Siamese
6957,Siamese_98.jpg,11,Siamese
6958,Siamese_99.jpg,11,Siamese
6959,Siamese_9.jpg,11,Siamese
6960,Sphynx_20.jpg,12,Sphynx
6961,Sphynx_211.jpg,12,Sphynx
6962,Sphynx_212.jpg,12,Sphynx
6963,Sphynx_213.jpg,12,Sphynx
6964,Sphynx_21.jpg,12,Sphynx
6965,Sphynx_222.jpg,12,Sphynx
6966,Sphynx_223.jpg,12,Sphynx
6967,Sphynx_228.jpg,12,Sphynx
6968,Sphynx_229.jpg,12,Sphynx
6969,Sphynx_230.jpg,12,Sphynx
6970,Sphynx_231.jpg,12,Sphynx
6971,Sphynx_232.jpg,12,Sphynx
6972,Sphynx_233.jpg,12,Sphynx
6973,Sphynx_234.jpg,12,Sphynx
6974,Sphynx_235.jpg,12,Sphynx
6975,Sphynx_236.jpg,12,Sphynx
6976,Sphynx_237.jpg,12,Sphynx
6977,Sphynx_238.jpg,12,Sphynx
6978,Sphynx_239.jpg,12,Sphynx
6979,Sphynx_23.jpg,12,Sphynx
6980,Sphynx_240.jpg,12,Sphynx
6981,Sphynx_241.jpg,12,Sphynx
6982,Sphynx_242.jpg,12,Sphynx
6983,Sphynx_243.jpg,12,Sphynx
6984,Sphynx_244.jpg,12,Sphynx
6985,Sphynx_245.jpg,12,Sphynx
6986,Sphynx_246.jpg,12,Sphynx
6987,Sphynx_247.jpg,12,Sphynx
6988,Sphynx_248.jpg,12,Sphynx
6989,Sphynx_249.jpg,12,Sphynx
6990,Sphynx_24.jpg,12,Sphynx
6991,Sphynx_250.jpg,12,Sphynx
6992,Sphynx_251.jpg,12,Sphynx
6993,Sphynx_252.jpg,12,Sphynx
6994,Sphynx_25.jpg,12,Sphynx
6995,Sphynx_27.jpg,12,Sphynx
6996,Sphynx_28.jpg,12,Sphynx
6997,Sphynx_29.jpg,12,Sphynx
6998,Sphynx_2.jpg,12,Sphynx
6999,Sphynx_30.jpg,12,Sphynx
7000,Sphynx_31.jpg,12,Sphynx
7001,Sphynx_33.jpg,12,Sphynx
7002,Sphynx_34.jpg,12,Sphynx
7003,Sphynx_36.jpg,12,Sphynx
7004,Sphynx_37.jpg,12,Sphynx
7005,Sphynx_38.jpg,12,Sphynx
7006,Sphynx_39.jpg,12,Sphynx
7007,Sphynx_3.jpg,12,Sphynx
7008,Sphynx_40.jpg,12,Sphynx
7009,Sphynx_41.jpg,12,Sphynx
7010,Sphynx_42.jpg,12,Sphynx
7011,Sphynx_43.jpg,12,Sphynx
7012,Sphynx_44.jpg,12,Sphynx
7013,Sphynx_45.jpg,12,Sphynx
7014,Sphynx_46.jpg,12,Sphynx
7015,Sphynx_47.jpg,12,Sphynx
7016,Sphynx_48.jpg,12,Sphynx
7017,Sphynx_49.jpg,12,Sphynx
7018,Sphynx_4.jpg,12,Sphynx
7019,Sphynx_51.jpg,12,Sphynx
7020,Sphynx_53.jpg,12,Sphynx
7021,Sphynx_54.jpg,12,Sphynx
7022,Sphynx_55.jpg,12,Sphynx
7023,Sphynx_56.jpg,12,Sphynx
7024,Sphynx_57.jpg,12,Sphynx
7025,Sphynx_58.jpg,12,Sphynx
7026,Sphynx_59.jpg,12,Sphynx
7027,Sphynx_5.jpg,12,Sphynx
7028,Sphynx_61.jpg,12,Sphynx
7029,Sphynx_65.jpg,12,Sphynx
7030,Sphynx_66.jpg,12,Sphynx
7031,Sphynx_67.jpg,12,Sphynx
7032,Sphynx_70.jpg,12,Sphynx
7033,Sphynx_71.jpg,12,Sphynx
7034,Sphynx_72.jpg,12,Sphynx
7035,Sphynx_73.jpg,12,Sphynx
7036,Sphynx_74.jpg,12,Sphynx
7037,Sphynx_75.jpg,12,Sphynx
7038,Sphynx_76.jpg,12,Sphynx
7039,Sphynx_77.jpg,12,Sphynx
7040,Sphynx_78.jpg,12,Sphynx
7041,Sphynx_80.jpg,12,Sphynx
7042,Sphynx_82.jpg,12,Sphynx
7043,Sphynx_83.jpg,12,Sphynx
7044,Sphynx_84.jpg,12,Sphynx
7045,Sphynx_85.jpg,12,Sphynx
7046,Sphynx_87.jpg,12,Sphynx
7047,Sphynx_88.jpg,12,Sphynx
7048,Sphynx_89.jpg,12,Sphynx
7049,Sphynx_8.jpg,12,Sphynx
7050,Sphynx_90.jpg,12,Sphynx
7051,Sphynx_91.jpg,12,Sphynx
7052,Sphynx_92.jpg,12,Sphynx
7053,Sphynx_93.jpg,12,Sphynx
7054,Sphynx_94.jpg,12,Sphynx
7055,Sphynx_95.jpg,12,Sphynx
7056,Sphynx_96.jpg,12,Sphynx
7057,Sphynx_98.jpg,12,Sphynx
7058,Sphynx_99.jpg,12,Sphynx
7059,Sphynx_9.jpg,12,Sphynx
